year,helping_others,interesting_work,social_usefulness
1989,1,1,1
1989,4,2,3
1989,2,2,2
1989,3,1,3
1989,3,2,1
1989,4,2,2
1989,3,2,1
1989,3,1,3
1989,3,3,3
1989,2,1,2
1989,2,2,2
1989,3,2,2
1989,1,1,1
1989,2,2,2
1989,1,2,2
1989,3,2,3
1989,2,1,3
1989,2,1,2
1989,2,2,2
1989,2,2,2
1989,2,2,2
1989,2,2,2
1989,3,1,3
1989,3,2,2
1989,2,1,2
1989,2,1,1
1989,2,2,1
1989,1,2,2
1989,1,1,1
1989,2,1,3
1989,1,1,1
1989,3,2,3
1989,1,1,2
1989,1,2,2
1989,4,2,2
1989,2,2,2
1989,3,2,2
1989,1,1,3
1989,3,2,3
1989,1,1,2
1989,2,2,2
1989,1,1,1
1989,1,1,1
1989,2,2,2
1989,2,2,1
1989,2,1,3
1989,3,1,3
1989,1,1,1
1989,1,1,2
1989,3,3,4
1989,2,2,2
1989,3,2,2
1989,1,2,2
1989,3,2,2
1989,2,4,2
1989,2,2,3
1989,2,2,2
1989,2,3,2
1989,2,4,3
1989,1,1,1
1989,1,1,1
1989,4,2,4
1989,3,3,3
1989,3,2,2
1989,2,3,1
1989,1,1,1
1989,2,1,2
1989,2,2,2
1989,2,2,4
1989,2,1,2
1989,2,2,2
1989,2,1,2
1989,3,2,2
1989,1,2,1
1989,2,2,2
1989,2,1,1
1989,2,2,2
1989,2,2,1
1989,1,1,1
1989,2,1,2
1989,3,1,3
1989,1,1,1
1989,2,2,2
1989,3,3,3
1989,3,2,3
1989,2,1,1
1989,3,2,2
1989,2,2,2
1989,2,2,2
1989,2,1,2
1989,3,2,3
1989,2,1,2
1989,2,1,3
1989,1,1,1
1989,2,2,2
1989,2,2,3
1989,2,1,2
1989,2,1,3
1989,1,1,2
1989,2,2,1
1989,3,1,3
1989,2,1,2
1989,2,1,1
1989,3,2,2
1989,3,1,2
1989,2,2,2
1989,3,1,1
1989,2,1,1
1989,1,1,1
1989,2,1,2
1989,1,1,3
1989,2,1,1
1989,2,2,3
1989,2,2,2
1989,2,1,2
1989,1,1,2
1989,2,1,1
1989,2,1,2
1989,2,2,2
1989,3,2,3
1989,2,2,1
1989,4,1,4
1989,1,1,1
1989,2,2,2
1989,4,1,3
1989,3,1,2
1989,3,2,1
1989,3,1,2
1989,3,1,3
1989,2,2,2
1989,4,2,4
1989,2,2,2
1989,2,2,2
1989,2,2,2
1989,3,1,3
1989,3,2,3
1989,2,2,2
1989,1,1,1
1989,2,2,3
1989,2,2,3
1989,3,2,2
1989,2,1,1
1989,3,1,3
1989,3,2,4
1989,2,1,3
1989,2,2,2
1989,2,2,2
1989,3,2,2
1989,2,1,3
1989,2,2,3
1989,2,3,2
1989,3,1,1
1989,2,2,2
1989,1,1,1
1989,2,1,2
1989,2,2,2
1989,3,1,3
1989,2,1,2
1989,3,1,3
1989,2,2,2
1989,3,3,4
1989,3,2,2
1989,2,2,2
1989,3,3,3
1989,4,2,3
1989,1,1,1
1989,1,1,1
1989,2,2,2
1989,2,2,2
1989,3,2,2
1989,1,1,1
1989,2,1,1
1989,1,1,1
1989,3,2,3
1989,2,1,2
1989,3,2,2
1989,2,2,1
1989,2,2,2
1989,3,2,3
1989,3,1,2
1989,3,2,3
1989,1,1,1
1989,2,1,2
1989,3,3,3
1989,4,3,3
1989,4,1,1
1989,2,2,2
1989,2,2,2
1989,1,1,3
1989,1,1,1
1989,1,2,1
1989,2,1,2
1989,2,2,2
1989,2,2,2
1989,1,1,1
1989,2,1,1
1989,2,2,2
1989,2,1,1
1989,2,1,1
1989,2,2,3
1989,2,1,1
1989,2,2,1
1989,3,2,2
1989,2,2,2
1989,3,2,3
1989,2,2,2
1989,3,1,3
1989,2,4,3
1989,1,2,1
1989,1,1,2
1989,2,2,2
1989,3,2,1
1989,4,2,4
1989,2,2,2
1989,2,1,1
1989,1,1,1
1989,3,1,3
1989,2,2,2
1989,2,2,2
1989,2,1,2
1989,2,2,2
1989,2,2,2
1989,1,1,2
1989,1,1,1
1989,4,1,4
1989,3,3,3
1989,2,2,4
1989,2,2,2
1989,2,2,2
1989,2,1,2
1989,4,2,4
1989,2,4,2
1989,1,1,1
1989,2,1,2
1989,1,2,1
1989,1,1,1
1989,2,2,2
1989,2,2,2
1989,2,1,2
1989,2,2,2
1989,2,2,1
1989,2,1,3
1989,2,2,2
1989,3,2,4
1989,2,2,1
1989,3,1,2
1989,3,1,2
1989,2,2,2
1989,3,2,2
1989,2,3,3
1989,1,2,2
1989,3,1,2
1989,1,2,1
1989,2,2,2
1989,3,2,2
1989,3,2,3
1989,2,2,2
1989,2,2,2
1989,2,1,2
1989,1,2,2
1989,2,2,2
1989,1,1,1
1989,1,1,1
1989,1,2,1
1989,2,3,2
1989,2,2,2
1989,2,2,2
1989,4,4,4
1989,3,3,3
1989,2,2,2
1989,1,1,1
1989,2,2,2
1989,1,2,1
1989,1,1,1
1989,2,2,2
1989,2,3,2
1989,2,2,2
1989,2,2,1
1989,4,2,2
1989,2,2,2
1989,1,1,1
1989,1,1,1
1989,3,2,2
1989,2,1,2
1989,4,1,4
1989,2,2,2
1989,2,2,2
1989,3,1,3
1989,1,1,1
1989,2,2,2
1989,2,2,2
1989,2,2,2
1989,1,1,1
1989,2,2,3
1989,1,1,1
1989,3,2,2
1989,1,1,1
1989,2,2,2
1989,2,1,1
1989,3,2,2
1989,1,2,1
1989,1,1,2
1989,2,1,2
1989,3,1,2
1989,2,2,2
1989,2,2,2
1989,2,2,2
1989,3,3,3
1989,3,2,3
1989,2,2,2
1989,2,2,2
1989,2,2,1
1989,1,1,1
1989,1,1,1
1989,2,2,2
1989,2,1,4
1989,1,2,1
1989,2,2,2
1989,2,2,1
1989,2,2,2
1989,2,2,2
1989,3,2,3
1989,2,2,2
1989,2,1,1
1989,2,2,2
1989,3,2,2
1989,2,1,2
1989,1,1,2
1989,2,1,3
1989,1,1,1
1989,4,1,5
1989,1,1,2
1989,2,1,1
1989,1,2,1
1989,4,2,4
1989,3,2,3
1989,2,2,2
1989,2,1,2
1989,2,2,2
1989,3,2,3
1989,3,1,3
1989,3,3,3
1989,2,1,1
1989,4,3,4
1989,2,2,2
1989,2,2,3
1989,2,3,2
1989,2,2,2
1989,2,1,1
1989,1,1,2
1989,2,1,2
1989,1,3,1
1989,2,2,2
1989,2,2,1
1989,3,1,2
1989,1,1,1
1989,3,2,2
1989,2,2,2
1989,1,2,2
1989,1,1,2
1989,1,1,1
1989,1,1,1
1989,2,1,2
1989,2,1,1
1989,1,1,1
1989,1,2,1
1989,1,1,1
1989,2,1,2
1989,2,1,2
1989,2,1,1
1989,2,2,2
1989,3,3,3
1989,2,1,2
1989,1,1,1
1989,2,1,2
1989,2,2,3
1989,3,2,3
1989,3,3,3
1989,3,2,3
1989,5,5,5
1989,1,1,2
1989,2,2,2
1989,2,2,2
1989,1,2,2
1989,3,1,3
1989,2,2,3
1989,1,1,2
1989,3,2,2
1989,2,2,1
1989,2,2,2
1989,4,2,3
1989,2,1,2
1989,2,1,1
1989,1,1,1
1989,3,1,3
1989,5,1,5
1989,1,1,1
1989,3,1,3
1989,1,1,1
1989,2,2,3
1989,3,2,3
1989,3,2,3
1989,1,1,1
1989,2,2,2
1989,1,1,2
1989,2,2,2
1989,1,1,1
1989,2,2,2
1989,2,1,2
1989,3,2,3
1989,2,2,2
1989,1,2,1
1989,1,1,2
1989,2,2,2
1989,2,2,2
1989,2,2,2
1989,4,1,3
1989,2,1,2
1989,2,1,2
1989,2,1,2
1989,2,2,2
1989,3,2,3
1989,1,1,1
1989,2,1,1
1989,1,1,1
1989,1,1,1
1989,1,1,1
1989,3,2,3
1989,2,2,1
1989,3,2,2
1989,3,2,2
1989,2,2,2
1989,1,1,1
1989,3,1,3
1989,2,2,1
1989,4,1,2
1989,2,2,2
1989,2,2,2
1989,2,2,2
1989,1,1,1
1989,1,1,1
1989,2,1,1
1989,2,2,2
1989,2,2,2
1989,2,2,3
1989,2,1,2
1989,3,2,3
1989,1,2,1
1989,2,2,2
1989,3,2,3
1989,2,2,2
1989,2,1,2
1989,2,2,2
1989,1,1,1
1989,1,1,1
1989,2,3,2
1989,2,1,2
1989,2,2,2
1989,3,2,3
1989,3,1,2
1989,2,1,2
1989,1,1,1
1989,2,1,2
1989,2,2,2
1989,2,1,2
1989,3,2,3
1989,1,1,1
1989,2,2,1
1989,2,2,2
1989,2,2,1
1989,3,1,3
1989,3,2,2
1989,1,1,1
1989,2,2,2
1989,2,1,2
1989,3,3,3
1989,2,2,2
1989,2,1,2
1989,2,5,2
1989,3,4,3
1989,2,2,4
1989,3,1,3
1989,3,1,2
1989,1,1,1
1989,1,1,5
1989,1,1,1
1989,2,1,3
1989,4,4,4
1989,1,1,1
1989,3,1,3
1989,3,1,2
1989,2,1,2
1989,3,4,4
1989,2,2,1
1989,1,1,2
1989,2,2,2
1989,3,2,2
1989,1,1,1
1989,2,2,2
1989,3,1,2
1989,2,2,3
1989,2,2,2
1989,1,1,1
1989,1,2,2
1989,1,1,1
1989,2,2,2
1989,1,1,1
1989,3,1,3
1989,2,2,2
1989,3,2,3
1989,1,1,1
1989,2,1,2
1989,1,1,1
1989,2,1,3
1989,2,1,2
1989,2,2,2
1989,2,2,2
1989,2,1,2
1989,2,1,2
1989,3,1,4
1989,2,1,2
1989,2,1,1
1989,2,2,2
1989,2,2,2
1989,2,1,2
1989,2,2,2
1989,2,2,2
1989,2,1,1
1989,3,2,2
1989,2,2,2
1989,3,2,3
1989,1,1,1
1989,1,1,1
1989,4,1,4
1989,2,1,1
1989,2,2,2
1989,1,1,2
1989,2,1,2
1989,2,2,3
1989,3,2,2
1989,1,2,1
1989,2,2,2
1989,3,2,2
1989,1,2,1
1989,2,2,2
1989,3,2,3
1989,3,3,3
1989,2,2,3
1989,2,2,2
1989,2,2,2
1989,1,1,1
1989,1,1,2
1989,2,2,2
1989,1,1,1
1989,2,1,2
1989,2,2,2
1989,2,1,2
1989,2,2,3
1989,1,1,1
1989,2,1,2
1989,3,4,2
1989,3,2,4
1989,2,1,3
1989,3,2,2
1989,2,1,2
1989,3,2,1
1989,3,2,3
1989,4,4,2
1989,3,3,3
1989,1,1,1
1989,2,2,2
1989,4,3,4
1989,4,4,4
1989,3,3,3
1989,4,5,3
1989,4,3,4
1989,1,1,1
1989,1,1,1
1989,2,2,2
1989,2,1,1
1989,2,1,1
1989,4,3,3
1989,2,1,1
1989,1,2,1
1989,2,2,2
1989,2,2,2
1989,3,2,3
1989,2,1,2
1989,2,1,3
1989,2,1,2
1989,1,1,1
1989,3,1,2
1989,2,2,2
1989,4,1,4
1989,2,1,1
1989,2,1,2
1989,1,2,2
1989,2,1,2
1989,3,1,2
1989,3,1,3
1989,1,1,2
1989,1,1,1
1989,2,2,2
1989,2,2,2
1989,2,2,2
1989,2,2,1
1989,2,1,2
1989,2,2,1
1989,2,2,2
1989,3,1,2
1989,1,1,1
1989,2,1,2
1989,2,1,2
1989,2,2,2
1989,1,3,1
1989,3,2,4
1989,1,1,1
1989,1,1,1
1989,3,1,3
1989,2,1,2
1989,2,2,2
1989,3,2,2
1989,2,1,2
1989,2,1,1
1989,2,1,1
1989,2,2,2
1989,2,1,2
1989,3,3,3
1989,2,2,2
1989,3,2,2
1989,4,2,2
1989,3,2,4
1989,3,2,3
1989,2,2,2
1989,2,2,2
1989,2,3,2
1989,1,1,1
1989,2,2,2
1989,1,1,1
1989,1,1,1
1989,2,2,2
1989,2,2,2
1989,3,2,2
1989,3,1,1
1989,1,1,1
1989,3,2,4
1989,2,2,2
1989,3,2,2
1989,3,3,3
1989,2,1,2
1989,2,2,2
1989,2,2,3
1989,2,1,1
1989,2,2,3
1989,2,1,2
1989,2,1,3
1989,2,2,1
1989,2,2,2
1989,3,2,2
1989,2,1,2
1989,4,2,2
1989,2,1,2
1989,2,1,2
1989,1,2,1
1989,2,2,2
1989,2,1,2
1989,3,2,2
1989,2,2,2
1989,2,1,1
1989,1,1,1
1989,2,2,2
1989,1,2,1
1989,2,2,2
1989,2,2,2
1989,1,1,1
1989,2,3,2
1989,5,5,4
1989,3,2,2
1989,3,2,3
1989,2,1,2
1989,2,1,1
1989,2,2,2
1989,2,1,1
1989,2,1,3
1989,3,2,3
1989,2,2,2
1989,3,1,3
1989,1,1,1
1989,2,2,2
1989,3,1,2
1989,2,2,2
1989,1,1,1
1989,2,2,1
1989,1,2,3
1989,2,2,2
1989,2,2,2
1989,2,2,2
1989,2,1,1
1989,2,2,2
1989,2,1,2
1989,3,2,3
1989,3,1,3
1989,3,1,2
1989,3,2,2
1989,2,2,2
1989,3,1,2
1989,3,2,3
1989,2,2,2
1989,2,2,2
1989,3,2,3
1989,1,1,1
1989,2,1,1
1989,1,1,1
1989,1,4,2
1989,1,1,1
1989,2,1,2
1989,1,4,2
1989,2,2,1
1989,3,2,2
1989,3,2,3
1989,3,1,3
1989,2,1,2
1989,2,2,2
1989,3,1,3
1989,2,3,3
1989,3,2,3
1989,1,2,1
1989,2,5,1
1989,2,2,2
1989,2,2,1
1989,2,2,2
1989,1,1,1
1989,2,3,2
1989,1,1,1
1989,2,1,1
1989,1,1,1
1989,2,2,2
1989,2,2,2
1989,2,2,2
1989,1,1,1
1989,1,1,2
1989,3,1,1
1989,2,2,2
1989,2,1,2
1989,3,2,2
1989,3,2,2
1989,3,1,1
1989,2,2,2
1989,2,2,3
1989,1,1,1
1989,2,2,3
1989,2,1,2
1989,1,2,2
1989,1,1,1
1989,2,2,1
1989,2,2,2
1989,1,1,1
1989,2,2,3
1989,1,1,1
1989,1,1,2
1989,2,1,1
1989,2,2,2
1989,2,1,2
1989,3,2,3
1989,2,2,2
1989,1,1,1
1989,2,2,2
1989,2,1,3
1989,3,2,3
1989,1,1,1
1989,2,2,2
1989,1,2,2
1989,2,2,1
1989,1,1,1
1989,1,1,1
1989,2,2,4
1989,1,1,1
1989,1,1,4
1989,2,2,2
1989,1,2,1
1989,2,1,1
1989,2,2,3
1989,2,2,2
1989,2,1,2
1989,3,2,2
1989,2,2,3
1989,2,2,2
1989,2,1,3
1989,2,2,2
1989,1,2,1
1989,2,2,2
1989,1,2,2
1989,3,2,3
1989,2,2,3
1989,2,1,1
1989,2,2,1
1989,2,2,2
1989,1,3,2
1989,2,1,2
1989,2,2,1
1989,2,1,1
1989,2,2,2
1989,1,2,1
1989,2,2,2
1989,3,2,2
1989,2,1,2
1989,3,2,3
1989,1,1,1
1989,1,2,1
1989,2,2,2
1989,2,1,2
1989,3,1,1
1989,3,2,2
1989,2,3,2
1989,2,2,2
1989,1,1,1
1989,3,2,3
1989,2,2,2
1989,3,3,2
1989,2,2,2
1989,4,1,2
1989,1,1,1
1989,1,1,1
1989,1,1,1
1989,2,2,2
1989,2,2,2
1989,2,2,1
1989,1,1,2
1989,2,2,2
1989,2,2,1
1989,4,1,1
1989,1,1,1
1989,3,1,3
1989,1,1,1
1989,3,1,2
1989,2,1,1
1989,2,2,2
1989,3,1,2
1989,3,1,3
1989,2,2,2
1989,3,2,3
1989,3,3,3
1989,3,2,3
1989,1,1,1
1989,2,2,2
1989,3,3,3
1989,2,1,2
1989,3,2,3
1989,2,2,3
1989,3,2,2
1989,2,1,2
1989,3,1,3
1989,3,2,3
1989,3,1,1
1989,3,1,2
1989,1,1,1
1989,2,2,2
1989,3,1,1
1989,3,2,2
1989,3,2,3
1989,2,1,2
1989,2,2,2
1989,1,3,1
1989,2,2,1
1989,2,2,2
1989,2,1,1
1989,3,1,2
1989,2,1,1
1989,2,2,2
1989,4,2,3
1989,1,1,1
1989,3,2,2
1989,1,2,2
1989,1,1,1
1989,2,2,2
1989,2,2,2
1989,2,1,1
1989,4,2,4
1989,1,1,2
1989,1,1,1
1989,1,1,1
1989,2,2,2
1989,1,1,1
1989,2,1,2
1989,2,2,3
1989,4,3,4
1989,3,1,4
1989,3,2,2
1989,2,1,3
1989,3,1,4
1989,2,1,1
1989,1,1,1
1989,1,1,1
1989,2,1,1
1989,3,2,2
1989,3,2,4
1989,1,1,5
1989,1,1,1
1989,1,2,1
1989,2,2,2
1989,2,1,2
1989,2,2,2
1989,4,2,2
1989,3,2,2
1989,2,1,2
1989,2,1,2
1989,1,1,1
1989,2,1,2
1989,1,1,1
1989,3,2,5
1989,2,2,3
1989,2,2,2
1989,1,1,1
1989,2,1,1
1989,2,1,2
1989,2,2,1
1989,2,2,2
1989,2,2,2
1989,2,2,2
1989,2,1,2
1989,2,2,2
1989,2,1,2
1989,2,1,1
1989,2,2,3
1989,2,1,1
1989,2,2,2
1989,1,1,1
1989,2,1,2
1989,2,1,1
1989,2,2,2
1989,2,2,2
1989,3,2,2
1989,1,2,1
1989,2,2,2
1989,1,2,2
1989,1,4,1
1989,2,1,1
1989,3,2,2
1989,3,2,2
1989,2,1,2
1989,2,1,1
1989,1,1,1
1989,2,3,2
1989,2,2,2
1989,2,2,2
1989,2,2,2
1989,3,2,3
1989,2,1,2
1989,1,1,1
1989,3,1,3
1989,3,1,2
1989,2,1,1
1989,3,1,3
1989,2,2,2
1989,2,2,2
1989,2,2,3
1989,2,2,2
1989,3,2,3
1989,3,2,3
1989,1,1,4
1989,1,1,2
1989,3,2,2
1989,2,2,2
1989,2,1,2
1989,1,2,1
1989,4,2,2
1989,2,2,3
1989,2,2,1
1989,1,2,1
1989,1,2,1
1989,3,2,3
1989,1,1,1
1989,3,2,2
1989,1,1,1
1989,2,1,2
1989,3,2,2
1989,1,1,1
1989,2,2,2
1989,3,2,3
1989,2,3,3
1989,2,1,2
1989,3,2,2
1989,2,2,2
1989,2,3,2
1989,2,1,2
1989,3,2,2
1989,3,2,3
1989,2,2,2
1989,3,2,2
1989,3,1,4
1989,2,2,2
1989,2,1,3
1989,2,2,2
1989,1,2,1
1989,3,2,2
1989,1,1,1
1989,2,1,1
1989,1,1,1
1989,3,3,3
1989,2,1,2
1989,3,2,3
1989,2,1,2
1989,1,1,1
1989,3,2,2
1989,1,1,1
1989,2,3,2
1989,2,2,2
1989,2,1,1
1989,2,1,2
1989,3,1,3
1989,1,1,1
1989,1,1,1
1989,1,1,1
1989,1,1,1
1989,3,1,3
1989,2,2,1
1989,1,1,3
1989,3,2,3
1989,1,3,1
1989,3,3,2
1989,2,1,1
1989,2,2,2
1989,1,1,1
1989,2,1,2
1989,2,2,2
1989,2,2,2
1989,2,1,1
1989,2,1,1
1989,2,2,2
1989,2,2,2
1989,2,2,2
1989,2,2,2
1989,2,1,4
1989,2,1,1
1989,2,2,2
1989,2,2,2
1989,2,2,2
1989,4,4,4
1989,3,1,3
1989,2,2,2
1989,3,2,3
1989,2,1,3
1989,1,1,2
1989,1,2,2
1989,4,2,3
1989,3,2,1
1989,2,2,2
1989,2,1,2
1989,2,2,2
1989,2,1,1
1989,2,2,2
1989,3,2,2
1989,2,2,3
1989,3,2,3
1989,2,2,2
1989,1,1,2
1989,1,2,1
1989,2,3,2
1989,1,2,2
1989,1,2,1
1989,2,2,2
1989,4,2,4
1989,1,2,2
1989,1,1,1
1989,2,2,3
1989,1,1,2
1989,1,2,1
1989,2,2,2
1989,1,2,3
1989,2,2,2
1989,3,2,2
1989,2,2,1
1989,2,2,2
1989,2,2,2
1989,2,2,2
1989,1,1,2
1989,1,1,2
1989,3,2,2
1989,2,2,2
1989,1,2,1
1989,1,1,2
1989,2,2,2
1989,2,2,1
1989,1,2,2
1989,2,2,2
1989,2,1,3
1989,3,2,3
1989,1,2,1
1989,2,2,2
1989,2,2,2
1989,2,3,2
1989,2,2,3
1989,1,1,2
1989,2,2,3
1989,3,1,3
1989,1,1,1
1989,2,1,2
1989,1,1,1
1989,3,2,2
1989,3,2,2
1989,2,2,2
1989,4,2,3
1989,3,2,3
1989,2,1,2
1989,1,1,1
1989,1,1,3
1989,2,1,1
1989,2,2,2
1989,2,1,2
1989,2,2,2
1989,2,2,2
1989,2,2,2
1989,1,1,1
1989,1,2,1
1989,4,1,4
1989,2,2,2
1989,2,2,2
1989,2,2,2
1989,1,1,1
1989,2,2,2
1989,2,2,2
1989,2,1,4
1989,1,1,3
1989,2,3,1
1989,3,2,3
1989,2,2,2
1989,1,1,1
1989,2,3,2
1989,1,2,3
1989,2,2,2
1989,1,1,1
1989,2,2,2
1989,2,2,2
1989,3,1,2
1989,1,2,2
1989,4,2,4
1989,2,2,2
1989,2,2,2
1989,1,1,1
1989,2,2,2
1989,3,1,2
1989,2,2,2
1989,1,1,1
1989,3,2,3
1989,2,2,1
1989,2,1,2
1989,4,4,4
1989,2,2,2
1989,4,4,2
1989,2,2,3
1989,3,1,2
1989,2,2,2
1989,1,1,1
1989,1,2,1
1989,1,2,2
1989,1,2,1
1989,2,2,2
1989,2,2,2
1989,2,2,2
1989,3,2,2
1989,3,2,3
1989,4,2,3
1989,2,2,2
1989,1,1,1
1989,2,1,3
1989,2,2,3
1989,2,2,2
1989,3,2,3
1989,2,2,2
1989,1,1,1
1989,2,2,2
1989,1,1,1
1989,2,2,2
1989,1,1,1
1989,2,2,2
1989,3,2,2
1989,1,1,2
1989,2,1,2
1989,2,2,2
1989,1,1,1
1989,2,1,2
1989,3,3,3
1989,1,1,1
1989,3,1,3
1989,3,1,2
1989,1,2,1
1989,1,1,1
1989,2,1,1
1989,1,1,2
1989,2,2,2
1989,1,1,1
1989,2,2,2
1989,3,2,3
1989,2,1,2
1989,2,2,3
1989,1,2,1
1989,3,1,3
1989,2,2,2
1989,2,3,1
1989,2,2,3
1989,2,3,3
1989,2,2,2
1989,3,1,3
1989,1,1,2
1989,2,1,2
1989,1,1,1
1989,2,1,3
1989,3,1,1
1989,2,2,2
1989,4,2,4
1989,2,2,1
1989,2,1,2
1989,2,2,2
1989,2,1,2
1989,2,2,4
1989,2,2,2
1989,2,2,2
1989,1,1,1
1989,2,2,2
1989,4,2,3
1989,1,1,1
1989,2,1,2
1989,3,1,3
1989,2,1,2
1989,2,2,2
1989,1,1,1
1989,1,1,1
1989,3,2,3
1989,2,2,2
1989,2,2,1
1989,2,2,2
1989,4,2,4
1989,1,1,1
1989,1,1,1
1989,2,2,2
1989,1,1,1
1989,1,2,1
1989,2,2,3
1989,1,1,1
1989,1,1,1
1989,1,1,1
1989,1,1,2
1989,2,1,2
1989,1,1,1
1989,2,2,2
1989,2,2,4
1989,2,2,2
1989,4,1,4
1989,2,2,2
1989,1,1,1
1989,1,1,1
1989,1,1,1
1989,1,2,3
1989,1,3,1
1989,2,1,3
1989,3,2,3
1989,2,2,2
1989,1,1,1
1989,2,2,2
1989,1,1,1
1989,2,2,4
1989,2,2,2
1989,2,2,3
1989,1,1,2
1989,2,1,2
1989,2,1,2
1989,1,2,2
1989,2,1,2
1989,2,1,3
1989,3,3,3
1989,1,1,1
1989,2,2,1
1989,2,1,2
1989,2,1,2
1989,1,1,1
1989,1,1,1
1989,1,2,3
1989,1,1,1
1989,2,2,2
1989,1,3,1
1989,1,1,1
1989,1,3,1
1989,3,2,3
1989,1,2,1
1989,2,2,3
1989,2,2,4
1989,1,2,2
1989,2,1,2
1989,1,2,3
1989,2,2,2
1989,1,1,1
1989,1,1,1
1989,1,1,1
1989,2,2,2
1989,2,1,3
1989,2,2,1
1989,2,2,1
1989,2,1,1
1989,2,1,2
1989,1,1,1
1989,4,2,4
1989,3,2,2
1989,1,2,2
1989,2,1,2
1989,1,1,1
1989,3,1,2
1989,2,2,1
1989,2,1,1
1989,2,1,1
1989,1,1,1
1989,3,2,2
1989,3,2,2
1989,2,2,2
1989,1,1,1
1989,2,1,1
1989,3,2,4
1989,1,1,2
1989,2,1,1
1989,2,2,2
1989,1,1,4
1989,1,1,1
1989,2,2,2
1989,2,2,1
1989,1,1,2
1989,2,2,3
1989,2,2,2
1989,1,2,1
1989,2,2,2
1989,2,2,2
1989,1,1,1
1989,2,2,2
1989,1,1,1
1989,2,2,2
1989,1,2,3
1989,2,1,2
1989,2,2,2
1989,2,2,2
1989,1,1,1
1989,2,1,2
1989,2,2,3
1989,2,3,2
1989,2,2,2
1989,1,1,1
1989,2,2,2
1989,2,2,2
1989,2,1,2
1989,3,1,3
1989,2,2,1
1989,2,2,2
1989,1,1,1
1989,1,1,2
1989,1,1,1
1989,2,2,2
1989,1,2,2
1989,2,1,2
1989,2,1,2
1989,2,2,3
1989,1,1,1
1989,2,2,2
1989,3,1,2
1989,3,2,3
1989,3,1,3
1989,2,1,1
1989,1,1,1
1989,1,2,2
1989,2,1,4
1989,1,1,2
1989,1,1,1
1989,2,1,2
1989,1,1,1
1989,2,2,2
1989,2,2,2
1989,1,1,1
1989,1,1,1
1989,1,1,2
1989,2,2,2
1989,2,3,2
1989,2,2,3
1989,2,2,2
1989,3,2,3
1989,2,4,2
1989,2,1,1
1989,3,2,3
1989,2,2,2
1989,2,2,2
1989,1,1,1
1989,3,2,2
1989,1,1,1
1989,3,1,3
1989,2,2,2
1989,1,1,2
1998,2,2,2
1998,2,2,2
1998,2,1,2
1998,2,2,2
1998,3,2,3
1998,2,3,3
1998,2,1,2
1998,1,1,2
1998,2,2,2
1998,2,2,2
1998,2,2,2
1998,2,1,2
1998,2,2,2
1998,3,1,3
1998,2,2,2
1998,2,1,2
1998,1,1,1
1998,2,1,1
1998,2,4,2
1998,1,2,1
1998,1,1,1
1998,2,2,2
1998,2,2,2
1998,2,1,2
1998,2,1,2
1998,2,2,2
1998,2,2,1
1998,2,1,2
1998,2,2,2
1998,2,1,1
1998,1,2,1
1998,1,1,1
1998,3,2,2
1998,3,1,3
1998,3,2,3
1998,2,2,2
1998,2,2,2
1998,2,1,2
1998,2,2,2
1998,2,1,2
1998,1,1,1
1998,2,2,3
1998,2,2,2
1998,2,2,2
1998,2,1,1
1998,4,2,4
1998,1,1,1
1998,2,2,2
1998,2,1,2
1998,2,1,1
1998,2,1,3
1998,2,1,2
1998,1,1,1
1998,2,2,1
1998,1,1,1
1998,1,1,2
1998,2,2,2
1998,2,2,2
1998,1,1,1
1998,3,1,1
1998,1,1,1
1998,1,1,1
1998,2,1,3
1998,2,1,2
1998,2,1,1
1998,2,2,3
1998,2,1,2
1998,2,2,2
1998,1,1,3
1998,1,2,2
1998,2,2,1
1998,2,2,2
1998,1,1,1
1998,2,1,3
1998,3,2,2
1998,3,1,3
1998,1,1,1
1998,2,1,2
1998,2,2,2
1998,1,2,1
1998,1,1,2
1998,1,1,1
1998,2,2,2
1998,2,2,2
1998,1,1,1
1998,2,1,2
1998,1,1,1
1998,2,2,2
1998,1,1,1
1998,2,2,3
1998,2,1,2
1998,1,1,1
1998,3,1,3
1998,1,1,1
1998,1,1,1
1998,2,1,3
1998,2,1,1
1998,3,1,3
1998,1,1,1
1998,2,2,2
1998,2,2,2
1998,2,1,2
1998,2,1,2
1998,1,1,2
1998,2,1,2
1998,3,2,2
1998,1,1,1
1998,2,3,2
1998,1,1,1
1998,2,1,2
1998,2,1,3
1998,2,2,2
1998,2,3,2
1998,2,2,2
1998,4,1,2
1998,2,2,2
1998,2,2,1
1998,2,1,3
1998,2,2,2
1998,2,3,3
1998,1,1,1
1998,3,2,3
1998,2,2,3
1998,1,1,1
1998,3,1,3
1998,2,2,2
1998,3,2,3
1998,2,2,2
1998,1,1,2
1998,2,2,4
1998,2,1,2
1998,2,2,2
1998,2,1,2
1998,1,1,1
1998,2,2,2
1998,3,2,3
1998,1,1,1
1998,1,2,1
1998,2,2,2
1998,2,2,2
1998,2,1,3
1998,2,1,2
1998,2,1,2
1998,2,1,2
1998,1,1,2
1998,3,2,2
1998,1,2,1
1998,3,2,3
1998,3,3,3
1998,2,1,3
1998,2,1,2
1998,2,1,3
1998,1,1,1
1998,1,1,1
1998,3,1,3
1998,2,1,2
1998,1,1,1
1998,2,2,2
1998,1,1,1
1998,3,1,3
1998,2,1,2
1998,2,1,3
1998,2,1,2
1998,4,2,3
1998,1,1,1
1998,1,1,2
1998,1,1,1
1998,1,2,2
1998,3,2,2
1998,2,2,3
1998,3,2,2
1998,2,1,2
1998,4,2,4
1998,1,1,2
1998,3,1,3
1998,1,1,1
1998,1,1,1
1998,2,2,1
1998,1,1,1
1998,2,2,2
1998,1,1,1
1998,1,1,1
1998,1,1,1
1998,1,1,1
1998,3,2,2
1998,1,1,1
1998,2,2,2
1998,2,2,2
1998,1,1,1
1998,1,1,1
1998,1,1,1
1998,4,4,4
1998,1,1,2
1998,5,1,2
1998,2,1,2
1998,3,1,2
1998,1,2,1
1998,2,2,2
1998,1,1,1
1998,2,1,1
1998,1,1,1
1998,2,2,2
1998,2,1,1
1998,2,1,2
1998,2,1,2
1998,3,1,3
1998,2,2,2
1998,2,1,1
1998,2,1,1
1998,2,2,2
1998,2,1,2
1998,3,2,4
1998,2,1,1
1998,1,1,1
1998,3,2,3
1998,2,1,2
1998,1,1,2
1998,3,2,3
1998,1,1,1
1998,3,2,3
1998,2,2,1
1998,1,1,1
1998,1,2,2
1998,2,2,2
1998,2,1,1
1998,4,2,4
1998,2,1,2
1998,3,2,3
1998,3,2,3
1998,2,2,2
1998,3,1,1
1998,1,1,1
1998,3,2,3
1998,2,1,2
1998,1,1,1
1998,2,2,2
1998,3,2,3
1998,3,2,3
1998,2,1,3
1998,1,1,1
1998,2,1,2
1998,2,1,2
1998,2,2,2
1998,1,1,1
1998,3,2,3
1998,3,2,3
1998,3,2,3
1998,2,2,2
1998,2,2,3
1998,2,2,2
1998,2,2,2
1998,3,2,2
1998,3,1,3
1998,2,1,1
1998,1,1,1
1998,1,1,1
1998,4,2,2
1998,3,2,3
1998,3,1,3
1998,2,1,2
1998,2,2,2
1998,1,1,1
1998,2,2,2
1998,1,1,1
1998,3,2,3
1998,2,2,2
1998,2,2,2
1998,1,1,1
1998,2,4,2
1998,2,2,2
1998,2,2,2
1998,1,1,1
1998,1,1,1
1998,2,2,2
1998,1,1,1
1998,1,1,1
1998,2,2,1
1998,1,2,1
1998,4,1,4
1998,2,2,2
1998,2,2,2
1998,2,2,2
1998,4,2,2
1998,1,1,1
1998,1,2,1
1998,3,2,3
1998,2,2,2
1998,2,2,2
1998,2,2,2
1998,1,2,1
1998,2,1,2
1998,2,1,2
1998,2,1,2
1998,2,1,2
1998,2,2,3
1998,2,1,2
1998,1,1,2
1998,1,1,2
1998,1,1,1
1998,2,2,2
1998,1,2,1
1998,3,2,2
1998,3,2,3
1998,3,2,3
1998,1,1,1
1998,1,1,1
1998,2,2,2
1998,1,1,2
1998,2,1,1
1998,1,1,1
1998,2,1,2
1998,2,2,2
1998,2,2,2
1998,2,1,3
1998,2,2,2
1998,2,2,2
1998,4,2,2
1998,2,1,2
1998,2,2,2
1998,1,2,2
1998,2,1,1
1998,1,1,1
1998,4,2,4
1998,2,1,2
1998,2,2,2
1998,2,1,2
1998,1,2,2
1998,1,1,1
1998,2,2,2
1998,1,1,1
1998,2,2,2
1998,2,1,2
1998,2,2,2
1998,2,1,3
1998,1,1,1
1998,1,1,1
1998,2,2,2
1998,1,1,1
1998,2,2,3
1998,2,1,2
1998,2,2,2
1998,1,1,2
1998,2,2,2
1998,2,3,2
1998,2,2,2
1998,1,1,1
1998,2,3,3
1998,2,1,2
1998,1,1,1
1998,1,1,1
1998,2,2,2
1998,1,1,1
1998,2,2,2
1998,2,2,2
1998,2,2,2
1998,2,1,2
1998,2,1,2
1998,2,2,2
1998,1,1,1
1998,2,2,3
1998,2,1,2
1998,1,1,1
1998,2,1,2
1998,1,1,1
1998,2,1,1
1998,2,1,2
1998,3,2,2
1998,1,1,1
1998,2,3,2
1998,2,2,2
1998,2,2,2
1998,2,2,2
1998,1,2,2
1998,2,1,2
1998,1,1,1
1998,2,2,3
1998,1,1,1
1998,1,1,1
1998,2,1,1
1998,3,2,2
1998,2,2,1
1998,1,1,1
1998,3,1,2
1998,2,1,1
1998,2,2,2
1998,2,1,3
1998,1,1,1
1998,2,1,2
1998,2,2,2
1998,3,2,3
1998,2,2,2
1998,4,4,4
1998,1,1,1
1998,2,1,2
1998,1,1,1
1998,1,1,1
1998,1,1,1
1998,1,1,1
1998,1,1,1
1998,1,1,1
1998,1,2,1
1998,2,1,2
1998,2,2,3
1998,3,3,3
1998,2,2,2
1998,5,5,5
1998,2,2,2
1998,1,1,1
1998,1,1,1
1998,1,1,1
1998,1,1,1
1998,1,2,1
1998,2,2,2
1998,2,1,3
1998,1,1,1
1998,1,1,1
1998,1,2,4
1998,4,2,5
1998,1,1,1
1998,2,2,2
1998,2,2,2
1998,2,2,2
1998,1,2,1
1998,1,1,1
1998,2,2,3
1998,2,1,2
1998,1,2,1
1998,1,1,1
1998,2,1,3
1998,2,1,2
1998,2,2,3
1998,2,1,2
1998,2,2,2
1998,3,1,3
1998,2,2,2
1998,1,1,1
1998,2,1,2
1998,2,1,2
1998,2,2,2
1998,2,2,2
1998,2,1,3
1998,3,2,2
1998,2,1,2
1998,1,1,1
1998,1,1,1
1998,2,1,2
1998,2,1,2
1998,2,2,2
1998,2,2,2
1998,2,2,3
1998,1,1,1
1998,2,2,1
1998,2,2,2
1998,2,2,2
1998,1,1,1
1998,2,3,2
1998,1,2,1
1998,3,1,3
1998,2,1,2
1998,2,2,2
1998,2,2,2
1998,3,3,3
1998,2,2,2
1998,2,1,2
1998,2,1,2
1998,1,1,1
1998,1,1,1
1998,2,1,1
1998,2,2,2
1998,4,2,4
1998,1,1,3
1998,2,2,2
1998,3,2,2
1998,2,1,3
1998,2,2,2
1998,2,2,2
1998,2,1,1
1998,3,1,3
1998,1,1,1
1998,2,1,2
1998,2,1,2
1998,2,1,2
1998,2,2,2
1998,3,2,1
1998,1,2,1
1998,2,1,2
1998,3,3,3
1998,1,1,1
1998,2,2,3
1998,3,1,2
1998,1,1,1
1998,3,1,3
1998,1,2,2
1998,1,1,1
1998,3,2,3
1998,3,1,3
1998,3,2,3
1998,2,1,4
1998,2,2,2
1998,2,2,2
1998,2,1,1
1998,5,5,5
1998,1,1,2
1998,1,1,1
1998,3,2,1
1998,2,1,2
1998,2,1,2
1998,3,1,2
1998,2,2,2
1998,1,1,1
1998,1,1,1
1998,1,1,1
1998,1,2,2
1998,2,1,2
1998,3,1,2
1998,3,2,3
1998,1,1,1
1998,1,1,1
1998,2,2,2
1998,2,1,3
1998,2,2,2
1998,3,1,2
1998,3,2,3
1998,1,2,1
1998,1,1,1
1998,1,1,1
1998,1,1,1
1998,3,2,2
1998,1,2,3
1998,3,2,2
1998,3,1,3
1998,2,2,2
1998,2,1,2
1998,2,1,1
1998,2,2,2
1998,2,1,1
1998,3,2,2
1998,2,1,2
1998,2,2,2
1998,2,1,2
1998,2,2,2
1998,1,1,1
1998,2,1,2
1998,1,1,1
1998,1,1,1
1998,2,2,2
1998,2,2,2
1998,2,1,2
1998,1,2,2
1998,3,2,3
1998,2,2,3
1998,2,1,2
1998,3,2,3
1998,2,4,2
1998,1,2,1
1998,1,1,1
1998,3,1,3
1998,1,1,1
1998,2,1,2
1998,2,2,3
1998,1,1,1
1998,2,2,2
1998,2,1,2
1998,1,2,2
1998,3,2,2
1998,2,2,2
1998,2,1,1
1998,1,1,1
1998,2,2,2
1998,2,1,2
1998,1,1,1
1998,2,2,2
1998,3,2,3
1998,2,3,2
1998,2,1,2
1998,3,1,3
1998,2,2,2
1998,2,1,3
1998,2,2,2
1998,4,2,2
1998,2,2,3
1998,3,1,3
1998,2,2,2
1998,2,2,3
1998,2,2,2
1998,2,2,2
1998,1,1,1
1998,2,2,2
1998,1,1,1
1998,2,2,2
1998,3,2,2
1998,2,2,2
1998,2,2,2
1998,2,1,1
1998,3,2,3
1998,1,2,1
1998,3,2,3
1998,2,2,2
1998,1,1,1
1998,2,1,1
1998,1,1,1
1998,2,2,2
1998,1,1,1
1998,1,1,1
1998,2,1,2
1998,2,1,2
1998,2,1,2
1998,2,3,1
1998,1,2,3
1998,3,1,3
1998,2,1,2
1998,2,2,2
1998,1,1,1
1998,3,2,3
1998,4,1,4
1998,1,1,1
1998,3,1,4
1998,2,2,2
1998,2,1,2
1998,2,1,1
1998,1,1,1
1998,2,3,3
1998,3,2,2
1998,2,2,2
1998,2,1,2
1998,2,1,2
1998,1,1,1
1998,1,1,1
1998,2,2,2
1998,2,2,3
1998,2,2,2
1998,2,1,2
1998,2,1,1
1998,1,1,2
1998,1,1,2
1998,1,1,2
1998,1,2,1
1998,3,5,2
1998,1,1,1
1998,1,4,1
1998,1,1,1
1998,3,2,1
1998,2,3,2
1998,1,1,1
1998,3,1,3
1998,2,2,1
1998,1,1,1
1998,2,2,2
1998,3,2,2
1998,3,4,5
1998,2,2,2
1998,2,2,4
1998,5,4,2
1998,3,2,3
1998,3,2,3
1998,2,1,3
1998,2,2,2
1998,1,2,1
1998,2,2,2
1998,2,1,2
1998,3,1,3
1998,2,1,1
1998,2,2,3
1998,2,1,1
1998,3,2,3
1998,1,1,1
1998,2,2,2
1998,2,2,2
1998,1,1,1
1998,2,1,4
1998,4,2,4
1998,3,1,2
1998,3,1,2
1998,1,1,1
1998,3,2,3
1998,3,1,2
1998,2,2,2
1998,2,3,2
1998,1,1,1
1998,3,3,3
1998,2,2,2
1998,2,2,1
1998,3,1,3
1998,3,2,3
1998,1,1,1
1998,1,1,1
1998,1,1,1
1998,2,1,3
1998,2,1,2
1998,1,1,1
1998,2,2,2
1998,2,1,1
1998,3,2,3
1998,2,2,1
1998,2,1,2
1998,2,2,2
1998,4,2,3
1998,2,1,2
1998,2,2,2
1998,2,2,2
1998,4,2,4
1998,3,2,2
1998,4,1,2
1998,3,2,3
1998,2,1,1
1998,3,2,3
1998,4,1,3
1998,1,2,1
1998,2,1,2
1998,3,2,1
1998,2,2,3
1998,3,2,3
1998,2,1,2
1998,1,1,1
1998,2,1,2
1998,1,1,1
1998,3,1,2
1998,1,1,1
1998,2,1,3
1998,3,1,2
1998,1,1,1
1998,1,1,1
1998,1,1,3
1998,3,1,2
1998,2,1,2
1998,4,1,4
1998,3,3,3
1998,2,2,2
1998,2,2,2
1998,2,1,3
1998,4,4,4
1998,2,2,2
1998,2,2,2
1998,2,1,2
1998,2,1,1
1998,2,1,1
1998,2,2,2
1998,2,1,2
1998,1,1,1
1998,1,1,1
1998,1,1,1
1998,1,1,1
1998,1,2,1
1998,1,1,1
1998,2,1,2
1998,3,1,3
1998,3,1,3
1998,1,2,1
1998,3,1,2
1998,1,2,2
1998,2,2,3
1998,1,2,1
1998,1,2,1
1998,3,1,3
1998,2,1,2
1998,2,1,3
1998,2,2,2
1998,1,1,1
1998,1,2,2
1998,3,2,3
1998,3,2,2
1998,1,1,1
1998,2,2,2
1998,3,2,3
1998,3,2,4
1998,2,1,3
1998,2,1,2
1998,3,2,3
1998,2,1,2
1998,2,1,2
1998,2,1,2
1998,3,1,2
1998,1,1,1
1998,2,2,1
1998,1,1,1
1998,2,2,2
1998,1,1,1
1998,2,1,2
1998,1,1,1
1998,2,3,2
1998,3,2,2
1998,1,1,1
1998,2,1,1
1998,2,1,2
1998,2,1,2
1998,2,1,1
1998,1,1,2
1998,2,1,2
1998,3,1,2
1998,2,1,3
1998,3,2,3
1998,2,2,3
1998,1,1,1
1998,1,1,1
1998,2,2,3
1998,3,2,3
1998,1,1,1
1998,2,2,2
1998,2,2,2
1998,1,1,1
1998,1,2,1
1998,2,1,1
1998,2,2,3
1998,1,2,1
1998,3,1,2
1998,2,2,2
1998,1,1,2
1998,2,1,2
1998,2,2,2
1998,1,1,1
1998,1,1,1
1998,2,2,2
1998,1,1,2
1998,3,2,3
1998,2,2,2
1998,1,1,1
1998,3,2,3
1998,3,1,2
1998,2,2,1
1998,2,2,3
1998,2,1,2
1998,2,2,2
1998,1,2,1
1998,2,2,2
1998,1,1,1
1998,2,1,1
1998,2,1,1
1998,1,1,1
1998,1,1,1
1998,2,2,3
1998,1,1,1
1998,1,1,1
1998,2,2,1
1998,3,3,3
1998,3,2,4
1998,2,2,2
1998,2,2,3
1998,1,2,1
1998,2,2,2
1998,1,1,2
1998,1,3,1
1998,1,1,1
1998,2,2,2
1998,2,2,2
1998,2,2,2
1998,2,1,2
1998,2,1,2
1998,1,1,1
1998,2,1,2
1998,2,1,3
1998,1,1,1
1998,1,1,1
1998,1,3,1
1998,4,4,4
1998,1,1,1
1998,2,2,2
1998,1,3,3
1998,2,3,3
1998,2,4,2
1998,2,2,2
1998,3,2,3
1998,1,1,1
1998,3,2,3
1998,2,1,2
1998,2,1,2
1998,1,1,1
1998,1,2,2
1998,2,2,2
1998,2,2,2
1998,2,2,3
1998,3,2,2
1998,1,1,1
1998,2,1,2
1998,1,1,1
1998,1,1,1
1998,1,1,2
1998,1,1,1
1998,2,2,2
1998,1,1,2
1998,2,1,2
1998,2,1,3
1998,1,1,3
1998,2,2,2
1998,1,1,1
1998,1,1,1
1998,1,1,1
1998,2,2,2
1998,2,2,2
1998,1,1,1
1998,2,1,2
1998,2,2,3
1998,3,2,4
1998,2,1,2
1998,1,1,1
1998,3,4,3
1998,1,1,1
1998,2,2,3
1998,3,2,3
1998,1,1,5
1998,4,2,1
1998,2,3,2
1998,2,2,2
1998,1,1,1
1998,1,1,1
1998,2,2,2
1998,2,2,2
1998,3,2,3
1998,3,3,3
1998,1,4,1
1998,3,2,2
1998,2,1,2
1998,1,1,2
1998,2,2,2
1998,2,1,2
1998,2,1,1
1998,2,3,2
1998,2,2,3
1998,2,2,2
1998,3,1,3
1998,3,1,3
1998,2,1,2
1998,1,2,1
1998,2,1,2
1998,2,2,2
1998,2,2,2
1998,2,2,2
1998,2,2,3
1998,2,2,2
1998,3,2,3
1998,3,1,2
1998,2,1,2
1998,1,1,1
1998,3,1,3
1998,1,1,1
1998,1,1,2
1998,2,2,2
1998,2,2,2
1998,2,2,2
1998,2,2,2
1998,1,1,1
1998,1,1,1
1998,3,1,3
1998,3,1,2
1998,2,1,1
1998,2,1,2
1998,3,3,3
1998,2,3,3
1998,1,2,1
1998,2,4,2
1998,2,1,2
1998,3,3,2
1998,1,1,2
1998,1,1,1
1998,2,2,2
1998,2,2,2
1998,1,1,1
1998,2,1,2
1998,2,2,2
1998,2,2,2
1998,3,2,3
1998,1,2,1
1998,2,1,2
1998,3,1,2
1998,2,2,2
1998,1,1,1
1998,2,1,1
1998,1,2,1
1998,1,2,1
1998,2,1,2
1998,2,2,2
1998,2,2,2
1998,2,2,2
1998,2,2,1
1998,2,2,2
1998,1,1,1
1998,1,1,1
1998,3,2,4
1998,5,1,5
1998,2,2,2
1998,1,1,1
1998,2,2,2
1998,2,2,2
1998,2,2,2
1998,2,1,1
1998,1,2,1
1998,1,2,2
1998,2,2,2
1998,1,1,1
1998,2,2,2
1998,2,1,2
1998,1,1,1
1998,2,2,2
1998,2,2,2
1998,2,2,2
1998,1,2,2
1998,2,2,2
1998,2,1,2
1998,2,2,2
1998,3,2,3
1998,3,2,2
1998,2,2,4
1998,2,2,2
1998,2,2,2
1998,2,2,2
1998,2,2,3
1998,2,1,2
1998,2,2,2
1998,4,1,4
1998,1,1,1
1998,3,2,2
1998,1,1,1
1998,2,2,2
1998,4,2,2
1998,1,1,2
1998,2,1,2
1998,1,1,1
1998,2,2,2
1998,2,1,1
1998,1,2,1
1998,1,2,2
1998,2,2,2
1998,1,1,1
1998,2,2,1
1998,1,1,2
1998,2,2,2
1998,2,2,2
1998,2,1,2
1998,1,2,2
1998,2,1,2
1998,1,1,1
1998,2,2,2
1998,2,1,1
1998,3,2,2
1998,1,1,1
1998,2,2,3
1998,2,1,3
1998,2,2,2
1998,2,2,2
1998,2,1,1
1998,1,1,1
1998,1,1,2
1998,2,2,2
1998,3,2,2
1998,3,2,2
1998,2,2,2
1998,2,2,2
1998,2,1,3
1998,2,1,3
1998,4,2,2
1998,1,1,1
1998,2,1,2
1998,3,2,3
1998,4,3,3
1998,1,1,1
1998,3,3,3
1998,1,4,1
1998,2,1,1
1998,4,1,4
1998,1,1,2
1998,1,1,1
1998,2,1,2
1998,2,2,2
1998,3,2,3
1998,3,2,3
1998,2,2,3
1998,2,2,2
1998,2,1,2
1998,2,1,3
1998,2,1,2
1998,1,1,1
1998,2,1,2
1998,2,2,2
1998,3,2,3
1998,2,2,4
1998,3,1,2
1998,2,2,2
1998,2,1,2
1998,2,1,1
1998,2,2,3
1998,2,2,2
1998,2,1,2
1998,1,2,2
1998,2,2,2
1998,3,1,1
1998,1,1,2
1998,1,1,1
1998,2,1,1
1998,1,1,1
1998,1,1,1
1998,3,3,3
1998,4,3,4
1998,3,2,3
1998,2,1,2
1998,2,2,1
1998,2,2,2
1998,3,2,2
1998,2,1,1
1998,3,2,2
1998,2,2,2
1998,2,1,1
1998,2,2,2
1998,2,2,2
1998,1,1,2
1998,1,1,1
1998,3,1,3
1998,2,2,1
1998,2,2,2
1998,1,1,1
1998,2,2,2
1998,1,1,1
1998,1,2,1
1998,2,1,2
1998,1,1,1
1998,2,1,2
1998,3,2,3
1998,2,2,2
1998,2,1,2
1998,2,2,3
1998,1,2,3
1998,2,1,2
1998,2,2,2
1998,3,2,4
1998,1,1,2
1998,2,2,2
1998,3,2,3
1998,1,1,1
1998,2,2,2
1998,2,1,2
1998,1,1,1
1998,1,1,1
1998,2,2,2
1998,4,1,3
1998,1,2,1
1998,1,2,1
1998,2,2,2
1998,2,1,2
1998,4,2,4
1998,2,1,2
1998,2,2,3
1998,3,1,3
1998,2,1,3
1998,2,2,2
1998,2,1,2
1998,3,2,3
1998,2,1,4
1998,1,1,1
1998,2,2,2
1998,2,1,3
1998,2,2,2
1998,4,2,4
1998,3,2,2
1998,1,2,1
1998,2,1,1
2006,1,1,1
2006,1,1,1
2006,2,2,3
2006,1,1,1
2006,1,1,1
2006,2,1,2
2006,2,1,2
2006,3,2,1
2006,2,2,2
2006,3,1,1
2006,1,1,1
2006,2,3,2
2006,1,1,1
2006,1,1,1
2006,3,3,3
2006,1,2,2
2006,2,1,1
2006,5,1,3
2006,2,1,1
2006,2,2,2
2006,3,1,3
2006,1,1,1
2006,2,2,3
2006,1,1,1
2006,3,2,3
2006,2,1,1
2006,2,2,1
2006,3,2,3
2006,2,2,2
2006,3,1,2
2006,1,2,2
2006,1,2,1
2006,2,1,2
2006,1,1,3
2006,1,1,1
2006,1,1,1
2006,3,2,3
2006,1,1,1
2006,1,2,1
2006,1,1,1
2006,1,1,1
2006,2,2,2
2006,1,1,1
2006,1,2,1
2006,2,2,2
2006,2,2,2
2006,1,1,1
2006,2,2,3
2006,2,2,2
2006,1,1,1
2006,1,1,2
2006,1,1,1
2006,1,1,1
2006,2,2,2
2006,1,1,1
2006,1,1,1
2006,3,2,2
2006,1,1,1
2006,2,2,2
2006,2,1,2
2006,1,1,2
2006,1,1,1
2006,3,3,3
2006,1,1,3
2006,2,2,1
2006,1,1,1
2006,1,1,1
2006,2,1,2
2006,3,1,2
2006,2,1,2
2006,3,1,3
2006,1,2,1
2006,2,2,1
2006,2,2,2
2006,1,1,1
2006,2,1,2
2006,1,1,1
2006,1,1,1
2006,2,2,2
2006,2,1,2
2006,1,1,1
2006,1,1,1
2006,1,2,1
2006,2,2,2
2006,1,1,1
2006,1,1,1
2006,1,1,1
2006,2,2,1
2006,1,1,1
2006,1,1,1
2006,2,5,1
2006,2,2,2
2006,1,1,1
2006,1,1,1
2006,2,1,2
2006,2,2,2
2006,2,1,2
2006,2,2,1
2006,2,2,2
2006,1,1,1
2006,2,2,2
2006,2,1,2
2006,1,1,1
2006,3,3,3
2006,1,2,1
2006,2,2,3
2006,3,2,3
2006,1,1,1
2006,2,1,3
2006,1,2,2
2006,1,1,1
2006,1,1,2
2006,1,2,1
2006,1,1,1
2006,2,1,3
2006,1,1,1
2006,2,1,1
2006,1,1,2
2006,2,1,2
2006,1,2,1
2006,2,1,1
2006,3,2,3
2006,1,1,1
2006,1,1,1
2006,2,2,2
2006,1,1,1
2006,2,1,2
2006,3,2,2
2006,3,2,3
2006,2,2,2
2006,2,1,3
2006,2,2,2
2006,2,1,2
2006,2,2,2
2006,2,2,2
2006,2,2,2
2006,2,2,2
2006,1,2,2
2006,2,1,2
2006,1,1,2
2006,1,1,1
2006,2,2,2
2006,3,2,2
2006,1,1,1
2006,1,1,1
2006,2,1,2
2006,1,1,3
2006,2,2,1
2006,4,1,1
2006,1,1,1
2006,2,2,2
2006,2,2,2
2006,2,2,2
2006,2,1,1
2006,1,1,1
2006,4,1,2
2006,2,1,1
2006,1,1,1
2006,2,1,2
2006,2,3,2
2006,2,2,2
2006,1,1,1
2006,2,2,1
2006,1,1,1
2006,2,2,2
2006,4,2,2
2006,5,1,2
2006,2,2,2
2006,1,1,1
2006,1,1,1
2006,1,1,1
2006,2,1,1
2006,1,1,1
2006,2,2,2
2006,2,1,2
2006,2,1,2
2006,2,2,1
2006,2,2,3
2006,1,2,1
2006,2,2,2
2006,1,1,1
2006,1,1,1
2006,2,1,2
2006,1,1,2
2006,2,2,2
2006,2,1,3
2006,2,2,2
2006,1,1,1
2006,2,1,2
2006,3,1,1
2006,1,1,1
2006,2,1,2
2006,2,1,3
2006,2,1,2
2006,1,1,1
2006,1,1,1
2006,2,2,2
2006,1,1,1
2006,1,1,1
2006,2,2,4
2006,2,1,2
2006,3,1,3
2006,1,1,1
2006,2,2,2
2006,3,1,2
2006,2,2,2
2006,2,1,2
2006,1,1,1
2006,1,1,1
2006,1,2,1
2006,1,1,1
2006,2,2,2
2006,2,1,2
2006,1,1,1
2006,2,1,1
2006,1,2,1
2006,2,2,2
2006,3,2,3
2006,1,1,1
2006,1,1,1
2006,2,2,1
2006,2,1,1
2006,2,2,2
2006,3,2,2
2006,2,2,2
2006,2,2,2
2006,2,2,2
2006,2,1,2
2006,3,2,2
2006,1,2,1
2006,2,2,2
2006,1,1,1
2006,2,1,1
2006,2,1,2
2006,1,1,1
2006,1,1,3
2006,1,1,1
2006,2,2,2
2006,2,2,2
2006,1,1,2
2006,1,1,1
2006,1,1,1
2006,1,1,1
2006,1,1,1
2006,1,1,1
2006,1,2,1
2006,2,1,2
2006,2,1,2
2006,1,1,1
2006,1,1,1
2006,1,1,2
2006,1,1,1
2006,1,2,2
2006,1,1,1
2006,1,2,2
2006,3,2,3
2006,2,2,2
2006,3,2,3
2006,1,1,1
2006,1,1,1
2006,2,2,2
2006,2,3,2
2006,2,2,2
2006,2,2,2
2006,1,1,1
2006,2,1,2
2006,2,1,2
2006,2,2,2
2006,1,1,2
2006,2,2,2
2006,1,1,1
2006,2,2,1
2006,2,1,2
2006,1,1,1
2006,2,1,2
2006,1,2,1
2006,2,1,2
2006,2,2,2
2006,3,3,3
2006,1,1,1
2006,1,1,1
2006,1,1,1
2006,2,2,2
2006,2,3,2
2006,1,2,1
2006,3,3,3
2006,4,3,2
2006,1,1,2
2006,4,2,2
2006,1,1,1
2006,2,1,1
2006,2,1,2
2006,1,1,1
2006,2,1,2
2006,1,2,1
2006,2,1,2
2006,2,2,2
2006,2,2,2
2006,2,1,2
2006,2,1,2
2006,2,3,2
2006,1,1,1
2006,2,1,2
2006,3,3,2
2006,2,2,2
2006,2,1,2
2006,2,2,2
2006,2,1,4
2006,1,1,1
2006,1,1,2
2006,4,2,3
2006,2,1,2
2006,1,2,1
2006,4,2,3
2006,2,2,2
2006,1,1,1
2006,2,2,3
2006,1,2,1
2006,1,1,1
2006,2,2,1
2006,1,1,1
2006,1,1,1
2006,1,1,1
2006,1,1,1
2006,2,1,2
2006,1,1,1
2006,1,1,1
2006,2,2,1
2006,3,2,2
2006,2,2,2
2006,2,1,2
2006,1,1,1
2006,2,2,3
2006,3,1,3
2006,4,4,4
2006,2,2,2
2006,1,2,1
2006,1,1,1
2006,1,2,2
2006,4,2,2
2006,2,2,2
2006,2,2,2
2006,2,2,2
2006,1,1,1
2006,2,2,2
2006,1,1,2
2006,1,1,2
2006,1,1,1
2006,1,1,1
2006,1,1,1
2006,1,1,1
2006,2,2,2
2006,1,1,4
2006,1,1,1
2006,1,1,1
2006,1,1,1
2006,2,2,2
2006,1,2,1
2006,1,1,1
2006,2,2,2
2006,1,1,1
2006,2,2,1
2006,2,2,1
2006,3,2,2
2006,2,2,2
2006,1,1,1
2006,2,2,2
2006,2,1,1
2006,2,1,2
2006,1,1,1
2006,1,1,2
2006,3,2,2
2006,1,1,1
2006,2,2,3
2006,1,3,1
2006,4,3,2
2006,1,1,1
2006,4,1,1
2006,1,1,2
2006,1,1,1
2006,1,1,2
2006,1,1,1
2006,1,1,1
2006,1,2,1
2006,2,2,1
2006,1,1,3
2006,3,3,3
2006,4,3,4
2006,3,1,3
2006,2,1,3
2006,1,3,1
2006,2,1,3
2006,1,1,1
2006,2,2,2
2006,3,1,1
2006,1,1,1
2006,1,1,1
2006,2,1,1
2006,1,1,1
2006,1,1,1
2006,2,1,2
2006,1,2,2
2006,1,1,1
2006,1,1,2
2006,1,1,1
2006,1,1,1
2006,1,1,1
2006,2,2,1
2006,1,1,1
2006,1,1,1
2006,2,1,2
2006,2,1,1
2006,2,1,1
2006,1,2,1
2006,1,1,1
2006,1,1,1
2006,1,1,1
2006,2,1,2
2006,2,1,2
2006,3,2,3
2006,3,2,3
2006,2,1,2
2006,1,1,1
2006,2,1,5
2006,2,2,2
2006,1,2,1
2006,3,1,3
2006,2,2,4
2006,2,2,2
2006,1,1,1
2006,1,1,1
2006,2,2,1
2006,1,1,2
2006,1,2,4
2006,1,1,1
2006,1,1,1
2006,1,1,1
2006,3,2,3
2006,2,1,1
2006,2,2,1
2006,2,1,2
2006,1,1,2
2006,2,1,1
2006,1,1,1
2006,2,1,2
2006,4,2,2
2006,1,2,2
2006,1,1,1
2006,1,1,1
2006,1,2,1
2006,1,1,1
2006,1,1,1
2006,1,1,1
2006,2,2,2
2006,3,3,2
2006,2,1,1
2006,1,1,1
2006,2,2,3
2006,2,3,2
2006,2,2,2
2006,1,1,1
2006,1,2,1
2006,2,1,1
2006,1,1,2
2006,2,2,2
2006,2,2,2
2006,1,1,1
2006,2,1,2
2006,1,1,1
2006,2,2,3
2006,2,2,2
2006,2,1,2
2006,1,1,1
2006,4,2,4
2006,2,2,2
2006,2,2,2
2006,2,2,4
2006,2,1,2
2006,1,1,2
2006,1,2,2
2006,1,1,1
2006,1,1,1
2006,2,1,1
2006,2,1,2
2006,1,1,1
2006,2,2,2
2006,1,2,2
2006,1,1,1
2006,1,2,2
2006,1,2,1
2006,2,2,2
2006,1,1,1
2006,1,1,1
2006,2,2,2
2006,3,2,3
2006,1,1,2
2006,2,2,2
2006,3,1,2
2006,2,2,2
2006,2,2,1
2006,2,2,1
2006,2,1,2
2006,1,2,5
2006,1,1,1
2006,2,2,2
2006,2,1,2
2006,2,2,2
2006,1,1,1
2006,1,1,1
2006,1,1,1
2006,1,2,1
2006,2,2,2
2006,1,1,2
2006,1,1,2
2006,2,1,2
2006,1,1,1
2006,2,1,2
2006,2,1,2
2006,3,2,3
2006,1,2,2
2006,3,3,4
2006,2,2,2
2006,3,3,3
2006,1,1,1
2006,1,1,1
2006,2,2,2
2006,2,4,2
2006,2,2,2
2006,2,1,2
2006,2,1,1
2006,1,3,2
2006,2,2,2
2006,1,1,1
2006,2,2,2
2006,2,1,1
2006,1,1,1
2006,2,1,2
2006,2,2,2
2006,1,1,1
2006,3,1,3
2006,1,1,2
2006,1,1,1
2006,3,1,2
2006,1,1,2
2006,1,1,1
2006,2,2,2
2006,1,1,1
2006,1,2,1
2006,1,1,1
2006,2,2,1
2006,3,1,2
2006,3,1,1
2006,2,2,2
2006,2,1,2
2006,3,2,2
2006,2,2,3
2006,1,1,1
2006,1,1,1
2006,2,2,1
2006,1,1,1
2006,1,2,2
2006,1,2,4
2006,2,1,2
2006,1,1,1
2006,2,2,2
2006,2,2,2
2006,2,2,2
2006,2,1,1
2006,2,2,2
2006,1,1,1
2006,2,1,2
2006,2,1,2
2006,1,1,1
2006,1,1,1
2006,2,2,2
2006,1,1,1
2006,1,2,1
2006,1,1,2
2006,2,1,2
2006,2,2,2
2006,2,2,1
2006,1,1,1
2006,2,2,2
2006,2,1,2
2006,2,2,2
2006,2,1,2
2006,1,1,2
2006,2,2,2
2006,1,2,2
2006,2,3,2
2006,1,2,1
2006,2,3,2
2006,2,1,1
2006,2,2,2
2006,1,4,1
2006,2,1,2
2006,1,2,4
2006,1,1,1
2006,2,3,2
2006,2,2,1
2006,2,1,2
2006,1,1,1
2006,2,1,1
2006,2,1,1
2006,2,2,3
2006,2,2,2
2006,2,1,1
2006,2,2,2
2006,2,1,2
2006,3,2,3
2006,3,1,2
2006,1,1,1
2006,2,1,1
2006,2,2,2
2006,2,1,1
2006,1,1,1
2006,1,1,1
2006,2,2,2
2006,2,2,2
2006,2,2,2
2006,2,1,1
2006,3,3,2
2006,2,2,2
2006,2,2,2
2006,2,1,2
2006,2,2,2
2006,2,1,1
2006,2,2,2
2006,2,1,2
2006,1,1,1
2006,2,1,1
2006,1,2,1
2006,4,3,3
2006,1,1,1
2006,1,1,1
2006,2,2,2
2006,2,2,1
2006,2,2,2
2006,1,1,1
2006,2,1,2
2006,2,1,1
2006,1,1,2
2006,3,1,2
2006,1,1,1
2006,1,1,1
2006,2,2,2
2006,1,1,1
2006,1,2,1
2006,2,2,2
2006,2,2,1
2006,1,2,1
2006,1,2,1
2006,2,2,3
2006,1,1,1
2006,2,2,2
2006,2,2,2
2006,2,2,2
2006,3,2,2
2006,3,2,2
2006,3,2,2
2006,3,2,2
2006,1,1,1
2006,1,1,1
2006,2,1,2
2006,1,1,1
2006,2,2,2
2006,2,1,2
2006,2,1,2
2006,2,1,1
2006,2,1,3
2006,2,2,2
2006,1,1,1
2006,2,2,1
2006,1,1,2
2006,2,3,3
2006,1,1,1
2006,2,1,1
2006,1,1,1
2006,1,1,1
2006,1,1,1
2006,1,2,1
2006,1,1,2
2006,2,2,2
2006,3,2,2
2006,1,1,1
2006,2,2,2
2006,3,2,2
2006,1,3,2
2006,1,1,1
2006,2,2,2
2006,1,1,1
2006,2,2,2
2006,2,4,1
2006,1,1,1
2006,1,2,1
2006,1,1,1
2006,2,2,2
2006,2,4,4
2006,2,1,2
2006,2,2,2
2006,1,2,1
2006,2,1,1
2006,1,1,1
2006,2,2,1
2006,4,2,4
2006,2,2,2
2006,2,1,3
2006,2,2,2
2006,2,2,1
2006,2,2,2
2006,2,4,2
2006,2,1,4
2006,1,1,3
2006,1,1,2
2006,1,1,2
2006,2,2,2
2006,2,2,2
2006,1,2,1
2006,1,1,1
2006,2,1,2
2006,2,1,1
2006,2,1,2
2006,1,1,1
2006,2,2,2
2006,1,1,1
2006,2,2,2
2006,1,1,1
2006,1,1,1
2006,2,3,2
2006,1,2,2
2006,2,2,2
2006,2,2,2
2006,2,2,2
2006,1,1,1
2006,2,1,1
2006,5,4,2
2006,1,1,1
2006,1,1,1
2006,1,1,1
2006,2,2,2
2006,1,2,1
2006,3,1,3
2006,1,1,1
2006,2,1,2
2006,2,1,2
2006,1,1,1
2006,2,2,2
2006,1,1,1
2006,2,1,1
2006,1,2,1
2006,2,3,2
2006,1,1,1
2006,2,1,1
2006,2,2,2
2006,1,5,1
2006,1,1,1
2006,1,2,1
2006,1,1,1
2006,3,3,2
2006,2,2,2
2006,1,1,1
2006,1,1,1
2006,3,2,3
2006,2,2,3
2006,2,2,2
2006,2,1,2
2006,1,1,1
2006,2,1,1
2006,1,1,1
2006,2,1,2
2006,1,2,1
2006,1,1,2
2006,2,1,1
2006,1,1,1
2006,1,1,1
2006,1,1,1
2006,2,3,2
2006,1,1,1
2006,1,2,2
2006,1,1,2
2006,3,1,3
2006,2,2,2
2006,1,1,1
2006,1,1,1
2006,1,1,1
2006,3,1,3
2006,1,1,2
2006,1,1,1
2006,2,2,3
2006,2,2,2
2006,1,1,1
2006,3,4,5
2006,3,1,3
2006,2,1,1
2006,2,1,1
2006,1,1,1
2006,2,1,2
2006,3,1,2
2006,5,1,5
2006,2,1,2
2006,1,2,1
2006,1,1,1
2006,2,2,2
2006,2,2,1
2006,2,1,3
2006,2,1,1
2006,2,1,2
2006,1,1,2
2006,1,1,1
2006,3,1,3
2006,1,1,1
2006,1,2,1
2006,2,2,2
2006,1,1,1
2006,2,1,3
2006,2,2,1
2006,1,1,1
2006,1,1,1
2006,2,1,1
2006,1,1,1
2006,1,2,1
2006,1,1,1
2006,2,1,2
2006,2,2,1
2006,2,1,1
2006,2,2,3
2006,1,1,1
2006,1,1,3
2006,1,1,1
2006,2,2,2
2006,3,4,3
2006,2,2,2
2006,2,2,2
2006,2,2,2
2006,2,1,2
2006,2,2,2
2006,2,1,1
2006,1,1,1
2006,2,1,2
2006,2,1,1
2006,3,3,3
2006,2,2,2
2006,1,1,1
2006,2,1,2
2006,1,1,1
2006,2,2,1
2006,1,1,1
2006,1,1,2
2006,2,2,2
2006,2,1,3
2006,2,2,2
2006,2,1,2
2006,2,1,1
2006,2,1,3
2006,2,1,2
2006,2,1,2
2006,1,2,1
2006,2,1,1
2006,2,1,1
2006,1,1,1
2006,1,1,1
2006,1,1,1
2006,2,2,1
2006,2,1,1
2006,1,1,1
2006,1,1,1
2006,2,1,2
2006,1,1,1
2006,1,1,1
2006,1,2,1
2006,2,1,2
2006,2,1,2
2006,3,2,1
2006,2,1,1
2006,3,2,2
2006,1,1,2
2006,1,2,1
2006,1,1,1
2006,1,2,2
2006,2,1,3
2006,2,2,2
2006,1,2,1
2006,1,2,1
2006,4,1,2
2006,1,2,1
2006,1,1,2
2006,2,2,2
2006,2,1,2
2006,3,1,5
2006,2,2,2
2006,2,1,2
2006,2,1,2
2006,2,2,1
2006,4,4,4
2006,2,2,1
2006,3,3,3
2006,1,1,1
2006,2,2,2
2006,2,1,2
2006,2,3,2
2006,2,2,3
2006,2,1,2
2006,1,2,3
2006,2,1,1
2006,1,1,1
2006,2,1,2
2006,2,2,2
2006,2,1,2
2006,2,1,2
2006,1,1,1
2006,1,1,1
2006,2,2,2
2006,1,2,2
2006,1,1,1
2006,2,2,1
2006,2,3,2
2006,1,1,1
2006,2,2,2
2006,2,3,2
2006,1,2,1
2006,2,1,2
2006,2,1,2
2006,1,2,1
2006,1,1,1
2006,2,1,1
2006,2,3,2
2006,2,2,1
2006,2,1,1
2006,1,1,2
2006,2,1,2
2006,1,1,1
2006,1,1,1
2006,2,2,2
2006,2,2,2
2006,1,1,1
2006,1,2,2
2006,2,1,2
2006,3,1,1
2006,1,1,1
2006,2,3,2
2006,2,1,2
2006,1,1,2
2006,2,1,1
2006,2,1,1
2006,1,1,1
2006,2,1,2
2006,1,2,1
2006,1,2,1
2006,1,1,1
2006,2,2,1
2006,2,1,2
2006,1,1,2
2006,3,1,2
2006,1,1,1
2006,2,1,2
2006,2,1,2
2006,2,3,2
2006,1,1,1
2006,2,1,1
2006,1,1,1
2006,2,2,2
2006,1,1,2
2006,1,1,1
2006,2,2,1
2006,2,1,3
2006,2,1,1
2006,1,1,1
2006,2,2,1
2006,2,1,1
2006,3,3,2
2006,1,1,2
2006,2,1,2
2006,1,2,2
2006,3,2,2
2006,1,2,1
2006,1,1,2
2006,1,1,2
2006,2,2,2
2006,2,1,1
2006,4,1,2
2006,3,2,3
2006,1,1,1
2006,2,1,2
2006,2,2,1
2006,2,2,2
2006,1,1,1
2006,2,2,2
2006,1,2,2
2006,2,2,2
2006,1,1,1
2006,1,2,1
2006,2,2,2
2006,2,2,2
2006,2,2,2
2006,2,2,2
2006,2,2,2
2006,2,2,2
2006,1,2,2
2006,1,2,2
2006,2,2,2
2006,1,2,1
2006,2,2,3
2006,2,2,2
2006,3,1,3
2006,3,2,1
2006,1,4,2
2006,5,5,5
2006,1,1,1
2006,2,1,2
2006,2,1,1
2006,3,2,1
2006,2,1,2
2006,2,1,2
2006,1,1,1
2006,2,1,3
2006,2,2,2
2006,1,1,1
2006,2,1,2
2006,3,2,2
2006,2,1,1
2006,2,2,2
2006,2,2,2
2006,2,2,2
2006,2,2,3
2006,1,1,1
2006,1,1,2
2006,3,1,1
2006,2,1,2
2006,2,2,2
2006,4,1,3
2006,1,1,1
2006,2,2,2
2006,2,3,2
2006,2,1,1
2006,1,1,1
2006,1,1,1
2006,3,1,4
2006,4,1,4
2006,1,2,2
2006,3,2,3
2006,1,1,1
2006,2,2,2
2006,1,1,1
2006,2,1,1
2006,2,2,2
2006,1,1,2
2006,2,2,2
2006,2,1,2
2006,2,2,2
2006,1,1,1
2006,1,1,1
2006,2,2,1
2006,2,2,2
2006,1,1,2
2006,1,2,1
2006,1,1,1
2006,2,1,2
2006,1,1,1
2006,3,1,3
2006,1,1,1
2006,1,2,1
2006,1,1,1
2006,2,2,2
2006,2,1,3
2006,1,1,1
2006,2,1,2
2006,2,1,2
2006,3,2,2
2006,1,1,1
2006,2,2,1
2006,2,1,2
2006,1,1,1
2006,2,1,2
2006,3,1,2
2006,1,2,1
2006,2,2,2
2006,1,2,2
2006,2,2,2
2006,2,1,2
2006,2,2,2
2006,2,1,1
2006,1,1,1
2006,2,1,2
2006,3,1,2
2006,1,2,1
2006,2,1,2
2006,2,1,1
2006,1,1,1
2006,2,1,2
2006,2,2,1
2006,2,2,2
2006,2,2,2
2006,1,1,1
2006,2,1,2
2006,2,2,2
2006,1,1,1
2006,2,1,2
2006,2,3,2
2006,2,1,1
2006,1,1,1
2006,2,2,1
2006,2,1,1
2006,1,1,1
2006,1,1,1
2006,1,2,1
2006,2,1,2
2006,1,1,1
2006,2,2,2
2006,2,3,1
2006,2,1,1
2006,1,1,1
2006,4,1,4
2006,1,1,2
2006,2,1,2
2006,3,2,2
2006,2,2,1
2006,2,2,2
2006,1,1,1
2006,1,1,1
2006,1,1,1
2006,1,1,1
2006,1,1,1
2006,1,1,1
2006,2,3,2
2006,2,2,2
2006,2,2,2
2006,2,2,2
2006,4,3,1
2006,1,2,1
2006,1,1,1
2006,1,1,1
2006,1,1,1
2006,1,1,1
2006,2,3,2
2006,2,2,2
2006,1,1,1
2006,1,3,3
2006,1,1,2
2006,1,1,1
2006,1,1,1
2006,2,1,1
2006,2,1,2
2006,1,1,1
2006,2,1,2
2006,2,1,1
2006,2,2,2
2006,2,2,2
2006,2,2,2
2006,1,2,2
2006,1,1,1
2006,2,2,1
2006,1,1,1
2006,2,2,2
2006,2,2,3
2006,1,2,1
2006,1,1,3
2006,2,1,1
2006,2,2,2
2006,2,1,2
2006,1,2,2
2006,2,2,2
2006,2,1,2
2006,1,1,1
2006,1,1,1
2006,1,2,2
2006,2,2,1
2006,2,1,2
2006,2,1,2
2006,2,1,2
2006,2,3,2
2006,2,2,2
2006,1,2,1
2006,2,1,1
2006,2,3,3
2006,1,1,1
2006,2,2,2
2006,2,2,2
2006,1,1,1
2006,1,2,1
2006,1,1,1
2006,2,1,2
2006,1,1,1
2006,2,2,1
2006,1,1,1
2006,2,2,3
2006,2,1,2
2006,2,1,2
2006,1,2,1
2006,2,2,2
2006,1,1,1
2006,3,2,2
2006,2,1,2
2006,2,2,2
2006,2,2,2
2006,1,2,1
2006,1,2,2
2006,2,1,2
2006,1,1,1
2006,2,2,2
2006,3,1,2
2006,1,2,1
2006,2,2,3
2006,1,1,1
2006,1,2,2
2006,3,3,3
2006,3,2,2
2006,1,1,1
2006,2,2,3
2006,2,3,2
2006,2,2,2
2006,2,2,2
2006,2,2,2
2006,2,1,2
2006,1,2,1
2006,1,1,1
2006,1,1,1
2006,2,2,1
2006,1,1,1
2006,2,1,2
2006,2,2,2
2006,1,2,1
2006,2,2,1
2006,3,1,2
2006,2,1,2
2006,2,2,3
2006,2,2,2
2006,2,2,2
2006,2,1,2
2006,3,2,3
2006,1,1,1
2006,1,1,1
2006,2,1,1
2006,1,1,2
2006,1,1,1
2006,1,1,1
2006,1,1,2
2006,5,4,5
2006,2,2,2
2006,1,1,3
2006,1,1,1
2006,1,1,1
2006,2,1,1
2006,1,5,1
2006,2,2,2
2006,1,1,1
2006,2,2,2
2006,2,2,2
2006,1,1,1
2006,3,1,2
2006,2,1,2
2006,2,2,2
2006,1,2,1
2006,1,2,4
2006,2,2,2
2006,1,1,2
2006,1,1,1
2006,2,2,1
2006,2,1,2
2006,1,2,2
2006,1,1,1
2006,2,1,2
2006,4,1,4
2006,1,1,1
2006,1,1,1
2006,1,1,1
2006,2,2,2
2006,2,1,2
2006,2,2,2
2006,1,1,1
2006,1,1,1
2006,1,2,1
2006,2,2,2
2006,2,2,2
2006,1,1,1
2006,1,1,1
2006,1,1,1
2006,2,2,2
2006,2,2,2
2006,1,1,1
2006,2,2,2
2006,2,1,1
2006,1,1,1
2006,2,1,1
2006,1,1,1
2006,1,1,1
2006,1,1,2
2006,1,1,1
2006,2,1,2
2006,1,2,1
2006,1,1,1
2006,2,2,2
2006,2,3,3
2006,3,1,3
2006,1,2,1
2006,2,1,1
2006,3,2,3
2006,2,1,1
2006,1,1,1
2006,1,1,1
2006,2,2,2
2006,3,1,3
2006,2,2,2
2006,1,1,1
2006,1,2,2
2006,2,1,2
2006,3,2,3
2006,2,2,1
2006,1,1,1
2006,1,1,1
2006,2,2,3
2006,1,1,1
2006,1,1,3
2006,1,2,1
2006,1,1,1
2006,1,1,1
2006,1,2,1
2006,2,2,1
2006,2,2,2
2006,2,1,2
2006,2,1,1
2006,1,2,1
2006,1,1,2
2006,2,2,2
2006,1,1,1
2006,2,1,1
2006,2,3,2
2006,1,1,1
2006,2,2,2
2006,2,2,2
2006,2,2,2
2006,2,2,2
2006,2,2,2
2006,2,2,2
2006,1,1,1
2006,2,2,2
2006,1,1,2
2006,2,2,3
2006,2,2,1
2006,2,1,4
2006,2,1,4
2006,2,2,2
2006,1,2,1
2006,1,1,1
2006,1,1,1
2006,2,2,2
2006,2,4,2
2006,1,2,2
2006,2,2,2
2006,1,2,2
2006,2,2,1
2006,1,1,2
2006,2,3,2
2006,1,1,2
2006,2,2,3
2006,1,1,1
2006,1,1,1
2006,1,1,1
2006,1,1,1
2006,2,1,2
2006,2,2,2
2006,1,1,1
2006,1,1,1
2006,1,1,1
2006,1,2,2
2006,1,1,1
2006,2,2,2
2006,1,1,1
2006,2,2,2
2006,1,1,1
2006,1,1,2
2006,2,3,3
2006,1,1,1
2006,2,1,2
2006,4,3,4
2006,1,1,2
2006,1,2,1
2006,1,2,1
2006,2,3,2
2006,2,1,2
2006,1,1,1
2006,1,1,1
2006,2,1,1
2006,1,1,1
2006,2,2,1
2006,1,1,1
2006,1,2,2
2006,2,2,2
2006,1,1,1
2006,4,1,4
2006,2,2,2
2006,2,2,2
2006,2,2,2
2006,1,1,1
2006,1,1,2
2006,2,2,2
2006,2,2,2
2006,2,1,1
2006,2,2,2
2006,1,1,1
2006,1,2,1
2006,1,1,1
2006,1,1,2
2006,1,1,2
2006,2,4,1
2006,2,2,2
2006,2,2,1
2006,1,1,1
2006,1,1,1
2006,1,1,1
2006,1,1,1
2006,2,5,2
2006,2,2,3
2006,1,1,1
2006,1,1,2
2006,2,2,2
2006,1,1,1
2006,3,1,2
2006,1,1,2
2006,2,1,2
2006,2,2,1
2006,2,1,5
2006,2,2,2
2006,1,1,1
2006,1,1,1
2006,2,2,2
2006,2,1,1
2006,2,2,2
2006,1,1,1
2006,3,3,2
2006,2,2,2
2006,1,1,2
2006,1,1,1
2006,2,2,2
2006,1,1,1
2006,2,1,2
2006,1,1,1
2006,1,1,1
2006,2,1,2
2006,1,2,1
2006,2,2,2
2006,2,2,2
2006,2,2,2
2006,1,1,1
2006,1,2,1
2006,2,1,1
2006,2,2,2
2006,1,1,1
2006,2,1,3
2006,1,1,1
2006,3,1,3
2006,2,2,2
2006,2,2,2
2006,1,1,1
2006,2,1,2
2006,2,1,2
2006,1,1,1
2006,2,1,2
2006,2,2,2
2006,1,1,1
2006,1,1,1
2006,1,1,1
2006,3,3,3
2006,2,1,2
2006,3,4,3
2006,1,1,1
2006,1,1,1
2006,1,1,1
2006,2,2,2
2006,1,1,1
2006,2,1,2
2006,1,1,1
2006,1,1,1
2006,2,2,2
2006,2,1,1
2006,1,1,1
2006,2,1,2
2006,1,1,1
2006,2,1,3
2006,1,1,1
2006,2,2,1
2006,1,1,1
2006,2,1,2
2006,1,2,1
2006,2,2,2
2006,2,1,2
2006,2,2,2
2006,1,1,1
2006,1,1,1
2006,1,1,1
2006,2,2,2
2006,3,1,3
2006,2,1,2
2006,2,1,2
2006,3,1,4
2006,1,1,2
2006,2,2,2
2006,2,4,1
2006,2,1,3
2006,2,4,2
2006,1,2,1
2006,2,2,2
2006,2,2,2
2006,1,1,1
2006,2,1,1
2006,1,1,1
2006,2,2,1
2006,2,2,2
2006,1,2,2
2006,1,1,1
2016,3,2,2
2016,3,2,3
2016,1,1,1
2016,2,1,1
2016,1,2,1
2016,1,1,1
2016,2,1,2
2016,1,1,1
2016,3,2,2
2016,1,1,1
2016,2,2,1
2016,1,1,2
2016,3,2,2
2016,1,1,2
2016,3,1,1
2016,2,2,3
2016,2,1,3
2016,2,2,2
2016,2,2,3
2016,2,1,2
2016,1,1,1
2016,2,1,1
2016,2,1,1
2016,1,1,2
2016,3,1,3
2016,1,1,1
2016,3,2,2
2016,4,3,4
2016,2,2,1
2016,1,1,1
2016,1,1,1
2016,2,2,2
2016,1,1,2
2016,1,1,1
2016,1,1,2
2016,1,1,1
2016,2,2,2
2016,5,1,5
2016,1,2,2
2016,3,2,3
2016,1,2,1
2016,1,1,1
2016,2,2,4
2016,1,1,1
2016,3,2,1
2016,4,2,3
2016,2,1,2
2016,2,1,2
2016,2,2,2
2016,2,1,1
2016,2,2,2
2016,3,1,2
2016,1,1,1
2016,2,1,2
2016,2,3,3
2016,2,2,2
2016,1,2,1
2016,1,1,1
2016,2,2,1
2016,1,1,2
2016,2,1,2
2016,2,2,2
2016,3,2,3
2016,3,2,1
2016,4,1,3
2016,3,2,3
2016,2,2,2
2016,1,1,1
2016,1,3,1
2016,2,1,2
2016,2,1,1
2016,1,2,1
2016,2,1,2
2016,2,2,2
2016,4,2,4
2016,3,2,3
2016,1,1,2
2016,2,1,2
2016,2,2,2
2016,3,2,3
2016,2,1,2
2016,2,2,3
2016,1,1,1
2016,1,2,1
2016,3,2,3
2016,1,3,1
2016,1,2,1
2016,2,4,2
2016,3,2,3
2016,3,2,3
2016,2,2,2
2016,2,2,1
2016,1,1,1
2016,2,2,1
2016,1,5,2
2016,2,2,2
2016,1,1,3
2016,1,2,1
2016,2,2,2
2016,1,1,1
2016,1,1,1
2016,1,1,1
2016,1,1,1
2016,2,2,2
2016,1,1,2
2016,1,3,1
2016,2,2,2
2016,1,3,2
2016,2,1,5
2016,1,1,1
2016,2,2,2
2016,2,1,1
2016,1,1,1
2016,1,2,1
2016,4,2,4
2016,3,1,1
2016,1,1,1
2016,1,1,1
2016,1,1,1
2016,2,1,2
2016,1,1,1
2016,1,1,1
2016,1,1,1
2016,2,2,2
2016,2,2,2
2016,2,2,2
2016,3,1,3
2016,2,2,2
2016,2,2,1
2016,2,3,3
2016,2,2,2
2016,3,2,2
2016,3,1,3
2016,3,3,3
2016,2,1,1
2016,2,1,2
2016,2,2,1
2016,1,1,1
2016,1,2,1
2016,1,1,1
2016,2,1,2
2016,1,1,1
2016,1,1,1
2016,2,3,2
2016,1,2,1
2016,2,2,1
2016,1,1,1
2016,1,2,1
2016,1,1,2
2016,1,1,1
2016,2,2,2
2016,2,2,1
2016,1,2,1
2016,1,1,1
2016,1,1,1
2016,1,1,1
2016,1,1,1
2016,1,1,1
2016,2,1,3
2016,2,1,2
2016,3,1,3
2016,2,2,2
2016,2,2,2
2016,2,1,2
2016,2,3,1
2016,3,2,3
2016,1,3,1
2016,1,2,2
2016,2,3,3
2016,2,2,2
2016,1,1,1
2016,2,1,2
2016,4,1,2
2016,2,2,2
2016,2,2,1
2016,2,1,2
2016,4,2,4
2016,4,2,4
2016,1,2,2
2016,2,2,2
2016,2,1,2
2016,1,1,2
2016,3,2,3
2016,2,1,1
2016,1,1,1
2016,1,1,1
2016,2,2,2
2016,1,1,1
2016,2,1,2
2016,2,2,2
2016,2,1,2
2016,1,1,1
2016,2,2,2
2016,2,2,2
2016,1,2,1
2016,1,1,2
2016,4,2,1
2016,2,1,2
2016,1,1,1
2016,2,2,3
2016,1,1,1
2016,1,2,1
2016,2,1,2
2016,1,1,1
2016,1,1,1
2016,2,1,2
2016,1,1,1
2016,1,2,1
2016,1,1,1
2016,2,1,2
2016,2,1,2
2016,2,1,1
2016,1,1,2
2016,3,2,3
2016,2,1,1
2016,2,1,2
2016,3,3,2
2016,1,1,1
2016,2,1,2
2016,3,3,2
2016,1,3,1
2016,1,1,3
2016,1,1,1
2016,1,2,2
2016,1,1,1
2016,1,2,1
2016,2,1,1
2016,2,1,2
2016,2,1,1
2016,3,1,2
2016,2,1,1
2016,3,2,2
2016,4,1,3
2016,1,1,1
2016,2,1,2
2016,1,1,1
2016,4,2,4
2016,2,2,3
2016,3,2,2
2016,2,2,1
2016,2,1,2
2016,3,2,4
2016,2,1,2
2016,1,1,2
2016,2,2,2
2016,2,1,2
2016,2,2,2
2016,3,2,2
2016,2,1,2
2016,1,1,1
2016,1,1,1
2016,1,1,1
2016,2,1,2
2016,1,1,1
2016,1,2,1
2016,1,1,1
2016,3,3,3
2016,2,2,1
2016,1,2,1
2016,1,1,1
2016,2,1,1
2016,1,1,1
2016,2,1,2
2016,2,1,2
2016,2,1,2
2016,2,1,1
2016,1,1,1
2016,1,1,1
2016,3,2,1
2016,3,1,2
2016,2,1,2
2016,1,1,1
2016,1,2,1
2016,3,1,1
2016,1,3,1
2016,1,1,2
2016,2,1,2
2016,1,1,1
2016,1,1,1
2016,1,3,3
2016,2,1,2
2016,1,1,1
2016,1,1,1
2016,1,2,3
2016,2,2,3
2016,2,1,2
2016,2,1,5
2016,1,2,2
2016,1,1,1
2016,2,1,1
2016,2,1,2
2016,2,1,1
2016,2,1,1
2016,1,2,1
2016,3,2,2
2016,3,4,2
2016,1,1,1
2016,1,1,1
2016,3,2,3
2016,1,1,1
2016,2,1,1
2016,2,2,2
2016,1,1,5
2016,1,1,1
2016,2,2,2
2016,1,1,1
2016,1,1,1
2016,2,1,1
2016,2,2,1
2016,1,1,1
2016,2,2,2
2016,1,1,1
2016,2,4,2
2016,3,4,3
2016,3,2,3
2016,2,1,2
2016,2,3,2
2016,1,1,1
2016,1,2,1
2016,1,1,2
2016,3,1,2
2016,2,2,2
2016,3,1,1
2016,3,3,2
2016,1,2,2
2016,3,2,2
2016,2,2,2
2016,1,1,1
2016,2,1,2
2016,2,2,2
2016,4,2,4
2016,1,4,4
2016,2,2,1
2016,1,2,1
2016,1,1,1
2016,2,2,2
2016,2,2,3
2016,1,2,1
2016,1,2,1
2016,1,2,2
2016,3,2,1
2016,1,1,1
2016,2,1,1
2016,1,1,2
2016,1,1,1
2016,2,2,2
2016,1,1,1
2016,1,1,1
2016,2,2,2
2016,1,1,1
2016,3,3,2
2016,2,4,2
2016,1,2,1
2016,3,2,2
2016,1,2,1
2016,2,2,2
2016,3,1,3
2016,2,3,2
2016,2,1,1
2016,1,1,2
2016,2,1,1
2016,1,1,1
2016,2,2,2
2016,1,1,1
2016,2,1,1
2016,4,4,3
2016,2,2,2
2016,1,1,1
2016,1,1,1
2016,2,1,3
2016,2,1,1
2016,2,3,1
2016,2,1,2
2016,1,1,1
2016,2,2,2
2016,1,1,1
2016,2,2,2
2016,1,2,2
2016,1,2,1
2016,1,1,1
2016,1,2,2
2016,4,2,3
2016,1,2,1
2016,2,2,2
2016,1,1,1
2016,3,1,2
2016,1,1,1
2016,3,2,3
2016,1,1,5
2016,2,3,2
2016,2,2,1
2016,1,2,1
2016,2,2,3
2016,1,1,1
2016,1,1,1
2016,3,1,2
2016,1,1,1
2016,2,1,1
2016,1,1,1
2016,2,1,1
2016,1,1,1
2016,3,1,1
2016,1,1,1
2016,2,2,2
2016,2,2,2
2016,1,1,1
2016,3,2,3
2016,1,1,1
2016,2,1,2
2016,1,1,1
2016,1,1,1
2016,3,2,2
2016,1,1,2
2016,2,1,1
2016,1,1,1
2016,1,1,2
2016,3,2,1
2016,1,1,1
2016,2,2,1
2016,2,2,3
2016,2,2,2
2016,3,2,2
2016,2,1,2
2016,2,2,2
2016,2,2,1
2016,1,1,2
2016,1,1,1
2016,2,2,2
2016,3,2,3
2016,1,1,1
2016,2,2,2
2016,2,2,2
2016,1,1,1
2016,3,2,2
2016,4,1,2
2016,2,3,3
2016,1,1,1
2016,2,2,3
2016,1,1,2
2016,1,2,1
2016,1,1,1
2016,3,2,3
2016,2,2,2
2016,1,1,1
2016,1,1,1
2016,1,1,2
2016,2,2,2
2016,1,1,1
2016,2,2,2
2016,3,1,2
2016,3,2,2
2016,1,2,3
2016,2,1,4
2016,1,2,1
2016,2,1,1
2016,2,1,2
2016,2,2,2
2016,2,3,1
2016,3,2,2
2016,2,2,1
2016,1,1,1
2016,1,1,1
2016,2,2,2
2016,1,2,1
2016,2,2,1
2016,1,1,1
2016,2,4,1
2016,1,1,2
2016,2,1,1
2016,2,2,2
2016,2,1,1
2016,1,1,1
2016,2,2,2
2016,2,3,1
2016,2,2,1
2016,2,2,2
2016,1,2,1
2016,1,1,1
2016,1,2,1
2016,1,1,1
2016,3,1,2
2016,1,1,2
2016,2,2,2
2016,1,2,2
2016,3,1,3
2016,2,2,2
2016,1,1,1
2016,4,1,4
2016,2,2,2
2016,2,2,1
2016,1,2,2
2016,1,1,1
2016,1,1,2
2016,1,1,2
2016,5,2,5
2016,1,1,1
2016,1,1,1
2016,1,2,2
2016,2,2,2
2016,1,1,1
2016,1,1,1
2016,2,1,2
2016,1,1,1
2016,2,1,1
2016,1,1,2
2016,2,1,2
2016,1,1,1
2016,2,2,1
2016,1,1,1
2016,2,1,2
2016,1,1,1
2016,2,3,2
2016,1,1,1
2016,1,2,1
2016,1,1,2
2016,1,1,1
2016,1,1,1
2016,3,2,2
2016,2,1,4
2016,2,1,1
2016,1,1,1
2016,2,2,1
2016,2,1,2
2016,1,1,1
2016,1,1,1
2016,1,1,2
2016,2,1,2
2016,2,2,1
2016,2,4,2
2016,2,1,1
2016,1,1,1
2016,1,1,2
2016,3,2,2
2016,1,1,2
2016,1,1,1
2016,2,2,2
2016,1,1,2
2016,1,1,1
2016,2,2,1
2016,3,2,3
2016,3,2,3
2016,2,2,2
2016,2,3,3
2016,1,2,1
2016,2,2,2
2016,1,1,1
2016,1,1,2
2016,1,1,1
2016,3,2,3
2016,2,1,2
2016,2,2,2
2016,2,2,2
2016,1,2,1
2016,1,1,1
2016,1,1,1
2016,2,2,3
2016,2,2,2
2016,3,1,2
2016,3,2,2
2016,3,2,2
2016,1,1,2
2016,2,2,1
2016,2,2,2
2016,1,1,1
2016,1,1,1
2016,2,1,1
2016,3,1,3
2016,3,2,2
2016,1,1,1
2016,3,2,3
2016,1,1,1
2016,1,1,1
2016,1,1,1
2016,1,1,1
2016,2,1,1
2016,1,1,1
2016,1,1,1
2016,2,1,1
2016,2,1,1
2016,1,2,2
2016,2,2,3
2016,2,1,2
2016,1,1,2
2016,2,2,1
2016,2,2,1
2016,1,1,1
2016,1,1,1
2016,2,2,2
2016,3,2,2
2016,1,1,1
2016,1,1,1
2016,3,1,1
2016,1,1,1
2016,2,2,2
2016,2,1,2
2016,3,3,2
2016,3,3,3
2016,1,1,1
2016,2,2,2
2016,1,1,1
2016,1,1,1
2016,1,1,1
2016,1,1,1
2016,1,1,1
2016,2,2,2
2016,2,2,1
2016,1,2,1
2016,2,1,1
2016,2,1,3
2016,2,2,1
2016,1,1,1
2016,2,2,2
2016,1,1,1
2016,1,1,1
2016,2,2,2
2016,2,2,2
2016,2,2,2
2016,3,3,2
2016,2,2,1
2016,1,1,3
2016,2,1,2
2016,1,1,1
2016,1,1,3
2016,2,1,2
2016,1,1,1
2016,1,2,1
2016,3,1,3
2016,4,1,1
2016,2,1,2
2016,2,2,2
2016,1,1,1
2016,3,2,3
2016,3,2,2
2016,1,2,1
2016,2,1,2
2016,2,1,1
2016,1,1,1
2016,2,2,2
2016,4,2,2
2016,2,1,1
2016,1,1,1
2016,3,2,3
2016,2,2,1
2016,1,1,2
2016,1,2,2
2016,1,1,1
2016,2,2,1
2016,1,1,1
2016,2,2,2
2016,2,2,2
2016,2,2,2
2016,1,2,1
2016,1,1,3
2016,2,3,2
2016,1,1,1
2016,3,3,3
2016,2,1,2
2016,3,1,2
2016,1,1,1
2016,1,2,1
2016,2,1,1
2016,1,2,2
2016,1,1,1
2016,2,2,2
2016,2,1,2
2016,2,2,2
2016,1,1,1
2016,1,1,1
2016,2,2,2
2016,1,1,2
2016,2,1,2
2016,3,3,4
2016,1,1,1
2016,2,2,1
2016,1,1,1
2016,2,2,2
2016,3,2,2
2016,1,1,1
2016,2,2,2
2016,2,1,1
2016,1,2,1
2016,3,2,2
2016,1,1,1
2016,2,1,2
2016,2,1,2
2016,2,2,2
2016,2,2,2
2016,2,4,2
2016,2,1,1
2016,2,2,2
2016,1,1,1
2016,2,2,2
2016,2,3,1
2016,3,1,2
2016,1,1,1
2016,1,2,1
2016,2,1,2
2016,1,1,2
2016,2,2,2
2016,2,1,2
2016,1,1,2
2016,2,1,2
2016,2,2,2
2016,2,1,2
2016,2,2,1
2016,3,2,3
2016,2,1,1
2016,2,1,1
2016,3,1,2
2016,2,1,2
2016,2,2,2
2016,1,1,1
2016,1,1,1
2016,2,2,3
2016,2,2,2
2016,2,4,2
2016,1,1,1
2016,1,1,1
2016,4,4,4
2016,1,1,2
2016,3,2,3
2016,2,2,2
2016,1,1,1
2016,1,2,1
2016,2,2,2
2016,1,3,1
2016,2,1,1
2016,3,1,2
2016,2,2,2
2016,1,2,1
2016,2,4,2
2016,2,1,2
2016,1,2,2
2016,1,2,1
2016,4,4,4
2016,3,2,2
2016,2,3,2
2016,3,2,2
2016,2,3,2
2016,1,1,1
2016,1,1,1
2016,1,2,1
2016,1,1,1
2016,1,1,2
2016,2,2,1
2016,2,2,2
2016,2,1,2
2016,3,1,3
2016,2,1,2
2016,1,2,1
2016,1,1,1
2016,1,2,1
2016,2,2,1
2016,1,2,1
2016,3,1,3
2016,2,2,2
2016,2,1,2
2016,2,1,2
2016,1,1,1
2016,3,2,2
2016,2,1,2
2016,3,4,2
2016,1,1,1
2016,2,2,2
2016,2,2,2
2016,2,2,1
2016,2,2,2
2016,2,1,2
2016,2,2,1
2016,2,1,2
2016,2,1,1
2016,2,2,2
2016,3,2,3
2016,3,2,2
2016,2,2,2
2016,1,1,1
2016,1,2,1
2016,1,2,1
2016,2,2,2
2016,3,1,3
2016,2,2,1
2016,3,3,3
2016,2,2,2
2016,2,2,2
2016,1,1,1
2016,1,1,1
2016,4,3,4
2016,2,2,2
2016,2,2,2
2016,1,2,1
2016,4,2,2
2016,3,1,3
2016,2,1,2
2016,2,2,1
2016,2,1,1
2016,2,2,2
2016,2,2,2
2016,2,2,2
2016,2,2,2
2016,4,3,2
2016,1,2,2
2016,2,2,2
2016,2,1,1
2016,1,1,1
2016,3,2,2
2016,2,2,1
2016,1,1,1
2016,1,1,1
2016,2,1,1
2016,2,1,2
2016,2,2,2
2016,2,2,2
2016,3,1,2
2016,1,1,1
2016,1,1,1
2016,2,2,2
2016,2,1,1
2016,2,2,2
2016,2,1,1
2016,1,1,1
2016,1,1,1
2016,1,1,1
2016,2,2,2
2016,2,2,2
2016,1,2,1
2016,3,1,3
2016,3,2,3
2016,2,1,2
2016,1,1,1
2016,2,2,2
2016,1,2,1
2016,1,1,1
2016,1,1,1
2016,3,2,3
2016,1,1,1
2016,2,2,2
2016,2,2,2
2016,3,2,2
2016,1,1,1
2016,1,2,1
2016,2,1,1
2016,1,1,2
2016,1,2,1
2016,3,2,3
2016,2,2,2
2016,1,1,1
2016,2,2,2
2016,1,2,1
2016,3,1,1
2016,1,1,1
2016,1,1,2
2016,2,2,2
2016,2,2,2
2016,1,1,1
2016,1,1,1
2016,2,2,2
2016,2,1,3
2016,2,2,1
2016,1,1,1
2016,1,3,2
2016,1,1,1
2016,1,1,1
2016,1,1,1
2016,1,1,1
2016,1,1,1
2016,3,1,2
2016,2,1,2
2016,2,1,1
2016,1,2,1
2016,1,1,1
2016,3,3,3
2016,2,1,1
2016,3,1,3
2016,1,1,1
2016,2,1,2
2016,1,1,1
2016,1,1,2
2016,2,1,2
2016,1,1,1
2016,1,2,2
2016,1,2,1
2016,1,2,1
2016,2,2,1
2016,3,2,2
2016,1,2,1
2016,1,2,1
2016,1,2,1
2016,2,1,2
2016,1,1,1
2016,3,1,2
2016,4,1,4
2016,1,2,2
2016,2,1,1
2016,2,2,2
2016,1,1,1
2016,1,2,1
2016,2,2,1
2016,3,2,2
2016,3,1,3
2016,3,1,3
2016,1,2,1
2016,2,2,1
2016,1,1,1
2016,2,2,1
2016,1,2,1
2016,2,2,1
2016,2,2,1
2016,1,2,1
2016,3,2,2
2016,1,1,1
2016,3,1,2
2016,1,1,1
2016,2,1,2
2016,1,1,1
2016,2,2,2
2016,1,2,2
2016,2,1,1
2016,1,1,4
2016,1,1,1
2016,2,2,1
2016,1,1,1
2016,2,1,3
2016,3,3,2
2016,1,1,1
2016,1,1,2
2016,1,1,1
2016,1,1,1
2016,1,2,1
2016,3,2,3
2016,2,1,1
2016,2,2,2
2016,3,2,3
2016,1,1,1
2016,1,2,1
2016,1,2,1
2016,1,1,1
2016,3,1,3
2016,1,1,1
2016,2,2,2
2016,2,2,1
2016,2,3,2
2016,1,1,1
2016,1,2,2
2016,2,1,2
2016,1,2,3
2016,3,2,3
2016,3,1,3
2016,1,1,1
2016,1,1,2
2016,1,1,1
2016,2,1,1
2016,3,2,3
2016,1,1,1
2016,2,2,1
2016,1,4,2
2016,1,2,1
2016,2,1,1
2016,1,1,2
2016,2,3,2
2016,2,2,1
2016,2,1,2
2016,4,2,3
2016,1,1,1
2016,1,2,1
2016,1,1,1
2016,3,1,1
2016,4,2,4
2016,1,4,1
2016,2,1,1
2016,1,1,1
2016,1,2,1
2016,1,1,1
2016,1,1,1
2016,2,2,2
2016,2,2,2
2016,1,1,2
2016,1,1,1
2016,2,2,2
2016,1,1,1
2016,1,1,1
2016,2,2,2
2016,1,1,2
2016,1,2,1
2016,2,1,1
2016,2,2,2
2016,1,1,1
2016,1,1,1
2016,1,1,1
2016,2,1,2
2016,1,1,1
2016,1,1,1
2016,1,1,1
2016,2,4,2
2016,1,1,1
2016,2,2,2
2016,1,1,1
2016,3,1,3
2016,3,1,1
2016,2,2,1
2016,2,2,2
2016,1,2,2
2016,2,2,2
2016,3,1,1
2016,2,1,2
2016,1,2,1
2016,2,2,1
2016,1,1,1
2016,2,2,2
2016,2,2,2
2016,1,2,2
2016,1,4,3
2016,1,2,2
2016,2,2,3
2016,3,3,3
2016,2,1,1
2016,2,2,2
2016,1,3,3
2016,2,1,2
2016,2,1,2
2016,3,2,2
2016,2,2,3
2016,1,1,1
2016,1,1,2
2016,1,2,1
2016,1,2,1
2016,1,1,1
2016,1,1,1
2016,3,4,3
2016,2,2,2
2016,1,1,1
2016,2,3,2
2016,1,1,1
2016,3,2,3
2016,3,3,3
2016,3,2,3
2016,2,2,2
2016,2,2,2
2016,3,2,3
2016,2,2,2
2016,3,2,2
2016,1,2,1
2016,2,2,2
2016,2,2,2
2016,1,2,1
2016,2,1,2
2016,2,1,2
2016,2,3,3
2016,2,1,2
2016,2,2,2
2016,4,2,5
2016,2,1,2
2016,2,1,2
2016,3,3,3
2016,1,2,1
2016,4,2,3
2016,2,1,1
2016,1,2,1
2016,2,2,2
2016,1,1,2
2016,1,1,1
2016,1,1,1
2016,1,3,1
2016,2,2,3
2016,2,3,1
2016,1,2,1
2016,1,1,1
2016,1,1,2
2016,1,1,1
2016,5,3,3
2016,1,1,1
2016,2,2,2
2016,2,1,1
2016,1,1,1
2016,2,1,1
2016,3,1,2
2016,2,1,1
2016,2,2,2
2016,1,1,1
2016,2,2,1
2016,2,2,1
2016,3,2,3
2016,2,1,1
2016,2,1,2
2016,1,1,1
2016,2,2,1
2016,3,1,1
2016,2,2,2
2016,2,2,1
2016,2,2,1
2016,2,1,2
2016,1,2,2
2016,1,1,1
2016,1,1,1
2016,1,2,1
2016,2,2,4
2016,1,2,1
2016,1,1,1
2016,2,1,1
2016,1,1,1
2016,2,2,1
2016,2,1,2
2016,2,3,2
2016,2,2,1
2016,2,2,2
2016,1,2,2
2016,2,1,2
2016,2,2,2
2016,3,2,3
2016,2,2,1
2016,1,1,1
2016,2,1,3
2016,2,2,2
2016,1,2,1
2016,2,1,2
2016,1,1,1
2016,1,1,1
2016,1,1,1
2016,2,2,2
2016,3,2,1
2016,2,3,2
2016,2,1,1
2016,3,3,2
2016,1,1,2
2016,2,4,1
2016,2,1,1
2016,2,2,1
2016,2,3,1
2016,2,1,2
2016,1,1,1
2016,2,2,1
2016,2,2,2
2016,2,1,2
2016,2,2,1
2016,1,1,2
2016,2,2,2
2016,1,2,1
2016,2,1,1
2016,2,2,2
2016,1,1,1
2016,2,2,2
2016,2,1,4
2016,3,2,3
2016,1,1,1
2016,2,1,2
2016,2,1,2
2016,1,1,1
2016,2,1,2
2016,2,1,2
2016,2,2,1
2016,2,2,4
2016,2,1,1
2016,4,1,3
2016,2,3,2
2016,1,3,2
2016,1,1,1
2016,1,1,1
2016,1,1,1
2016,1,2,1
2016,1,1,2
2016,2,1,2
2016,1,1,1
2016,2,2,2
2016,2,1,1
2016,1,1,1
2016,1,1,2
2016,1,1,1
2016,1,1,1
2016,1,1,2
2016,2,2,2
2016,1,1,1
2016,3,2,3
2016,3,2,2
2016,1,1,1
2016,2,2,2
2016,3,1,3
2016,3,1,3
2016,1,2,1
2016,1,2,2
2016,2,4,1
2016,3,2,2
2016,3,3,3
2016,1,1,1
2016,1,1,1
2016,1,1,1
2016,2,2,1
2016,2,2,2
2016,2,2,2
2016,2,2,2
2016,2,2,3
2016,4,2,3
2016,2,4,1
2016,2,1,1
2016,2,1,1
2016,1,1,1
2016,2,2,2
2016,2,1,2
2016,2,2,2
2016,1,1,1
2016,1,2,1
2016,2,1,1
2016,5,3,1
2016,1,2,1
2016,1,1,1
2016,2,2,2
2016,1,1,1
2016,2,2,2
2016,2,2,1
2016,2,1,2
2016,2,2,2
2016,2,1,2
2016,2,2,2
2016,1,1,1
2016,1,1,1
2016,3,1,2
2016,1,1,1
2016,2,1,2
2016,1,1,1
2016,2,2,2
2016,2,1,2
2016,2,1,1
2016,2,2,1
2016,1,1,1
2016,2,1,2
2016,2,2,2
2016,1,1,1
2016,1,3,2
2016,1,1,1
2016,2,2,2
2016,2,1,1
2016,2,2,2
2016,2,2,2
2016,1,1,2
2016,2,1,1
2016,1,1,1
2016,1,4,1
2016,3,2,2
2016,3,1,2
2016,3,1,2
2016,1,1,1
2016,2,2,1
2016,2,3,1
2016,1,2,2
2016,2,1,1
2016,2,1,2
2016,1,1,1
2016,3,1,3
2016,2,3,2
2016,1,1,1
2016,3,2,2
2016,1,2,1
2016,1,1,1
2016,2,2,2
2016,2,1,2
2016,2,3,2
2016,1,1,1
2016,2,1,2
2016,1,2,1
2016,2,1,2
2016,1,2,1
2016,3,2,3
2016,2,3,2
2016,2,2,2
2016,3,1,2
2016,2,1,1
2016,3,3,2
2016,2,1,4
2016,1,2,1
2016,3,1,2
2016,1,1,1
2016,1,2,2
2016,2,2,1
2016,1,2,1
2016,3,4,2
2016,1,1,1
2016,1,1,1
2016,3,1,2
2016,1,1,1
2016,1,2,1
2016,2,2,2
2016,3,2,3
2016,1,1,1
2016,2,1,2
2016,2,1,2
2016,2,2,3
2016,1,1,1
2016,1,1,3
2016,2,2,2
2016,1,2,1
2016,2,2,2
2016,1,1,1
2016,2,2,2
2016,2,3,2
2016,1,2,1
2016,1,1,1
2016,1,1,1
2016,2,2,1
2016,1,1,2
2016,2,2,3
2016,1,1,2
2016,2,2,2
2016,3,2,2
2016,3,2,3
2016,2,1,2
2016,2,1,2
2016,2,1,2
2016,1,1,1
2016,1,1,1
2016,4,3,2
2016,4,2,3
2016,2,1,2
2016,2,2,2
2016,1,1,1
2016,1,2,1
2016,1,1,1
2016,1,2,1
2016,3,3,2
2016,1,1,1
2016,3,2,2
2016,2,2,2
2016,2,1,2
2016,1,1,1
2016,1,1,1
2016,1,1,1
2016,3,3,3
2016,1,1,1
2016,2,2,1
2016,1,2,1
2016,1,1,1
2016,2,4,2
2016,1,1,3
2016,1,2,1
2016,1,1,1
2016,1,1,1
2016,2,2,2
2016,2,2,1
2016,1,2,1
2016,2,1,2
2016,2,2,2
2016,3,2,2
2016,2,2,2
2016,1,1,2
2016,1,1,1
2016,1,2,2
2016,1,2,2
2016,3,2,2
2016,3,2,2
2016,2,2,2
2016,1,3,1
2016,1,1,1
2016,2,1,1
2016,2,2,2
2016,1,1,1
2016,3,2,2
2016,2,2,2
2016,2,1,2
2016,2,1,2
2016,1,1,1
2016,1,2,1
2016,1,1,1
2016,3,2,3
2016,3,2,2
2016,2,2,2
2016,1,1,1
2016,1,1,1
2016,1,1,1
2016,2,2,1
2016,1,1,1
2016,1,2,2
2016,2,3,1
2016,3,2,2
2016,4,1,2
2016,3,2,2
2016,2,2,2
2016,1,1,1
2016,2,1,2
2016,2,1,1
2016,2,1,2
2016,2,2,2
2016,1,1,1
2016,3,1,2
2016,1,1,1
2016,2,1,2
2016,2,1,2
2016,2,2,1
2016,2,3,2
2016,2,2,2
2016,3,3,3
2016,2,1,1
2016,2,2,2
2016,1,1,1
2016,1,2,1
2016,3,2,2
2016,2,1,2
2016,2,1,1
2016,3,2,2
2016,2,2,2
2016,2,2,2
2016,1,1,1
2016,2,2,2
2016,2,2,2
2016,1,1,1
2016,3,1,2
2016,1,1,1
2016,1,1,1
2016,2,2,2
2016,1,1,1
2016,2,1,1
2016,1,1,1
2016,1,2,2
2016,3,3,2
2016,1,1,2
2016,2,2,4
2016,2,2,2
2016,1,1,1
2016,1,1,1
2016,1,2,3
2016,2,1,2
2016,2,2,2
2016,2,2,2
2016,1,1,1
2016,2,2,1
2016,1,1,5
2016,1,1,1
2016,2,2,1
2016,2,2,2
2016,1,2,1
2016,1,1,2
2016,1,4,2
2016,2,1,1
2016,2,1,2
2016,2,2,3
2016,2,2,3
2016,2,2,2
2016,1,2,1
2016,2,1,1
2016,1,1,1
2016,1,1,5
2016,1,1,1
2016,1,2,1
2016,1,1,1
2016,2,1,2
2016,3,2,2
2016,2,1,1
2016,1,2,1
2016,1,3,1
2016,1,2,2
2016,1,2,1
2016,2,2,2
2016,1,1,1
2016,1,1,1
2016,2,1,2
2016,1,1,1
2016,2,2,1
2016,2,2,2
2016,2,1,2
2016,2,2,2
2016,3,2,3
2016,1,1,1
2016,1,2,1
2016,2,2,1
2016,2,1,2
2016,2,2,2
2016,1,2,2
2016,4,2,4
2016,2,2,2
2016,3,1,2
2016,3,1,2
